KELP_BETA,KELP_MM_EDGE,KELP_TAKE_WIDTH,LATE_DAY_SIZE_FACTOR,LATE_DAY_SPREAD_FACTOR,LATE_DAY_TIMESTAMP,RESIN_MM_EDGE,RESIN_TAKE_WIDTH,SQUID_BETA,SQUID_LONG_EMA_WINDOW,SQUID_MM_EDGE,SQUID_SHORT_EMA_WINDOW,SQUID_TAKE_WIDTH,SQUID_TREND_BIAS,SQUID_TREND_THRESHOLD,SQUID_VOL_THRESHOLD,profit
0.5749080237694725,2.4162143208968576,7.587945476302646,0.5993292420985183,1.3248149123539492,815599,1.8406585285177397,8.795585311974417,0.6202230023486417,31,8.08233797718321,10,9.162213204002109,0.5274034664069657,1.1818249672071006,8,50359
0.5608484485919075,1.6920859337748042,4.887505167779041,0.44561457009902095,1.6894823157779035,813949,2.0045012539746527,4.297256589643226,0.5912139968434071,34,8.798695128633439,7,7.962072844310212,0.42787024763199866,1.6075448519014384,8,36728
0.5130103185970559,2.4131054133306664,9.690688297671034,0.7041986740582306,1.4436910153386966,809767,2.2789631185585097,4.961372443656412,0.5244076469689558,25,8.137554084460874,9,6.293899908000085,0.7975133706123891,1.311711076089411,13,24449
0.6093420558686559,1.114252574393396,9.726261649881026,0.6875664116805573,1.9515991532513512,889483,2.2185299851677596,9.296868115208051,0.5176985004103839,16,8.180909155642151,5,6.94338644844741,0.5628094190643376,1.8287375091519293,10,37808
0.5561869019374761,1.7225833413690224,2.2683180247728636,0.7010984903770199,1.2596405149438166,898689,2.3405713385076603,2.7884411338075514,0.5011044234247205,34,10.82742937539047,8,8.85635173342973,0.44442679104045424,1.3584657285442727,7,37132
0.6029425257685486,2.37158370546004,8.673933272859216,0.5672845380428595,1.3069074288278177,815605,2.1341363459426352,6.556187004690184,0.6957234208358132,35,9.657472406237654,5,5.06743502220694,0.40462905323364634,1.4744390978139434,6,22431
0.5180344273041743,2.3047566012691765,2.61614194361648,0.6854241082781201,1.3106274797807431,872785,1.9669057039640825,1.3728624989015734,0.5317822402697001,34,11.037661064515694,7,7.676249581025724,0.42842837511657267,1.3532843235351009,19,29282
0.5298179008940447,1.6729626698636775,6.675176847907217,0.4349230082304055,1.7272028856628223,828061,2.015762911903005,1.4617107972099272,0.6425551037969875,37,8.424572307535325,5,6.837435603315622,0.5665890009774965,1.5974892024524805,6,35957
0.5476216954889808,1.662733960634121,3.8957662401486117,0.6051893440430041,1.93078229086121,883043,2.015089913761515,6.7446094216608214,0.6955908350719537,28,10.334987076834526,4,5.862323258870772,0.5001142252289466,1.9974030984044262,8,37782
0.6748622552909018,1.5958847934893439,2.0632155519288546,0.5804859596137282,1.9863154961527605,865606,2.227272595847315,1.1828558520372727,0.5682638686803081,29,11.704263230291183,5,8.222827332500662,0.7911003508892853,1.7886191221323111,10,34383
0.5631302239813223,1.9280186679273652,8.238129650211892,0.30158343083999534,1.7613497572389756,853681,2.1300626185677807,7.159229493082675,0.5209236539565903,36,9.51528345995726,5,6.841810227059101,0.4902027856126619,1.9851417060015488,16,32755
0.6616290213463614,1.8984876223453158,6.938699490922024,0.3255533095114853,1.8670093337707137,823358,1.8137098337700783,3.4389713202744208,0.5861399540215643,15,8.70718500347947,5,9.947607635284406,0.7177075550966119,1.2107501720484597,7,62278
0.6861164945365313,2.223843245248308,8.051854484725704,0.33625853349699225,1.9948796455298028,898721,2.4370297163927193,8.15433006992003,0.6688202713898698,13,9.269719023510712,3,6.952026120903179,0.824330198287414,1.1422900800627578,18,21318
0.6063559539853436,1.6131024193219172,5.389459093723093,0.7507512750745251,1.6178349119517794,895313,2.075367355232589,4.123071104478454,0.5199644967158412,20,11.442754257967643,5,8.601388913836965,0.8639932730705582,1.6672065152149604,7,36931
0.6137430217959216,2.1957003042820906,2.512797524516877,0.7706981669713953,1.3906917120394227,821179,2.4203980146627044,7.8885682697528345,0.5379561651298339,34,10.513965315005471,3,5.8018481551047465,0.42923069782947026,1.692745929126607,17,27849
0.6281515025386021,1.726662599291367,4.5960518305129945,0.6699790910721051,1.2213255282257023,855110,1.9972378077598867,3.2800477542448263,0.6783101152517528,21,9.147201264474997,9,8.023790187342167,0.5953918471604471,1.3009550883332759,18,69879
0.5737940296047874,1.7835693951183864,9.113201932883426,0.30074311354789,1.5196313902637173,866760,1.838688281967896,8.495782884655748,0.6225970000405723,18,10.976228843850652,5,7.906078185458082,0.5749187316668164,1.3726990748869627,8,67093
0.5440818269063712,1.4006221618826262,1.0449264528240585,0.6627443202633918,1.6894072713266137,829443,1.9550536102971758,7.127214411652277,0.5965878937341963,31,8.723975602507384,8,7.059962975999579,0.8659979939309904,1.4098986865509904,8,70264
0.552409727145206,1.9929812279580783,7.675271202489702,0.49513519787140625,1.6347971717974705,810855,2.093764260704022,1.545663202203611,0.6311368259199747,27,9.079389623176331,7,8.84357811410625,0.6797665378258756,1.9849695281856226,16,33242
0.6527308060034192,1.1327113968340723,8.248415399746314,0.3830790608929456,1.6061020546288125,830424,2.2255986212979675,7.449823047689428,0.6959037130541456,16,9.017179408264209,7,6.814193226350557,0.8265962691640647,1.811431853254621,10,41800
0.6552845023261143,2.271845950885507,8.89191877231547,0.4561298426539029,1.6852942286519155,844380,1.808798953938776,8.412182732292079,0.576754692997024,38,10.001373708285318,8,9.416475678532393,0.8388172863063819,1.99105215750131,17,55902
0.5158000136786207,1.5919137933472434,6.8025127484412,0.5950358511407575,1.5113588099863002,860573,2.3464426888203893,8.308616131951315,0.6721782161551124,17,8.699152229883879,7,7.756340420609007,0.73323871821019,1.533987736881428,10,39963
0.619980402533304,2.3788678220676704,3.8816356187924517,0.6174823895604584,1.826428236046437,814726,2.3350384160230986,5.446826348148293,0.5042254526917167,17,9.47987597482403,4,5.234441115623458,0.6523934104909361,1.3109466308223996,10,21003
0.5111446100097629,1.8515995004430337,7.7141652432033085,0.5917974395848762,1.366109979221553,862481,2.1252646553008705,5.917138515931221,0.5089165215525043,14,9.301242904141962,7,8.026711855400158,0.851362588697606,1.5490038702756355,13,35916
0.5583568828292494,2.488642071510866,6.545711648480124,0.38522018183229656,1.6766866527347566,811377,2.2232633280337173,7.870829796243206,0.5797787182734313,22,10.765171381909326,9,9.696764628220725,0.4225235462481377,1.4325282501026297,12,24311
0.597839566193828,1.2396061677746801,4.074388356677591,0.7298907646207773,1.2598196388541578,873939,2.205692217389463,7.2208621487902604,0.5280592380048899,29,11.454586702871492,7,8.755812447943395,0.8349346274411242,1.5371088713446448,18,42035
0.51963530535824,2.1071430919961935,1.0864722547223868,0.5109793954447874,1.2883990390106994,888754,2.2348089472637587,1.6325879308618636,0.6839785148652633,31,8.7489014378527,8,7.293139744709558,0.5871121833032842,1.1317235935727754,5,24829
0.5339194281947689,2.4606685465774016,8.606004016988088,0.5703878477444349,1.9394262575192005,860753,2.1565233339817227,3.3753113407061828,0.6646638887951236,25,8.997449483357558,6,9.379499817317512,0.9022758687838265,1.3395111563953643,9,23592
0.6164758163772298,1.0545923426868495,2.498466889855078,0.4405991238681408,1.7192252667216579,852978,2.309012041301248,9.52449096852354,0.5239477527099162,12,10.109394867184099,8,7.054464195025811,0.7256367381910724,1.2696609944413075,8,43881
0.6138404443278298,2.099928729082989,2.3883812431045044,0.7343826397689706,1.9806394093039748,889854,2.4890568416125527,6.27092833299491,0.5719105154707887,35,10.883976692644762,4,6.066372172616514,0.7266877237569433,1.0078263495740143,10,30689
0.659944231371248,1.2660355228004367,6.67290105763419,0.5723533002007444,1.9326404074590366,873939,2.2058158319350953,6.361927469704565,0.6687357284556242,31,9.27719592999215,6,8.201467814246062,0.572271574140717,1.9368234641687574,20,39919
0.6229004151537925,1.0094219066207664,8.889811448141986,0.6121745396926468,1.5793765552016878,829438,2.434775532379603,6.988785316639746,0.6443395563120349,31,9.366651329721861,7,6.2556649196338086,0.48150565196790807,1.537162906705996,11,41631
0.6609592672490741,1.4338064528858159,1.964780442580086,0.30770612095401995,1.460014881346052,823357,1.8888700968447034,1.9593827142870013,0.5260273420170549,11,11.418145347461094,6,7.419232707865184,0.5094535491874423,1.0876688939937431,10,40188
0.6156077893720985,1.836456668698468,4.533561199261016,0.4818875905899357,1.8305604018896215,815599,2.3964733135937735,3.4429932022224357,0.5336614255551732,30,10.866714456024232,6,6.621160954371887,0.4774097709156733,1.1476005016539996,10,35083
0.6232233922984451,1.223530426396705,4.2327297390808845,0.30045966248740263,1.9749311002475838,829440,2.0189635518115274,2.6025053659273842,0.5972122280153901,21,9.201234327837541,8,8.882450964584773,0.5096019658024913,1.4638154236511838,13,40701
0.5360247041405841,2.43574826201338,6.353257704501843,0.3424015051150282,1.346763340779651,844379,2.4950282812239575,7.9764597696541415,0.5757093441532333,32,11.356881054630852,8,9.245775424467588,0.4420074517994619,1.460471689701531,16,25367
0.5406239505767543,1.5918514666309933,3.6392610532901832,0.47222526436488,1.224762925497337,873932,1.9814984254388626,5.998377479246516,0.6709836368698929,29,8.160526692951375,10,9.852851011748179,0.8851391100028867,1.5858900894599737,13,71918
0.5882677228280168,1.9549075278869938,9.112027457396051,0.3153094267319465,1.7637119977571913,853811,2.2821565444316136,4.791969372191707,0.5835594646364648,14,9.204441103394664,6,5.8560081490013145,0.6614955062548433,1.6516079984964542,8,34555
0.5053421572911668,1.2436644670956012,2.5000845299844356,0.5052493399580922,1.794283237681589,896176,2.191872412499639,9.197855558472789,0.575163295552143,33,10.506579407673573,6,5.677163473441714,0.9511546372652253,1.3516321507052513,14,42971
0.6828674317380959,1.897760223136945,1.4211976775695976,0.38973366294598477,1.683918324255087,893435,2.013442470575564,9.161840584856733,0.6543739728824833,18,9.588076434743474,8,9.669087816523888,0.6648515891765874,1.4870753493870794,9,35337
0.5463797476198012,1.7325363440937744,9.395923691047322,0.353475191454471,1.522202075374098,893223,2.033896450981023,1.188787257428444,0.574723163922288,39,10.485074129794178,5,6.304686941746136,0.5237667566624837,1.9334541068542732,9,38705
0.6362142088895071,1.6726083441644266,3.5201955041508306,0.39629459744649154,1.2650141794596848,810193,2.413992462084048,6.926285539792635,0.6642340081673105,17,10.697166094240247,9,6.297093571696337,0.7443996057169942,1.4446476352443391,12,38591
0.6058212822510907,1.748184763902794,9.014130892570673,0.41479848293790733,1.9544697732048624,863875,2.166548654667157,3.341189696178658,0.5559553314615211,39,10.776689734322176,4,9.680135671260558,0.6455024540551777,1.908427358247967,18,37500
0.5620749031693003,1.6367554017204586,4.022785432518404,0.7108961561460907,1.9770993952546934,860396,2.3668450791921956,7.1205985469604265,0.6455787770970255,14,8.327910859229616,4,5.772864675476107,0.8625632979138453,1.3647198288726738,12,37112
0.5505759901362104,2.3457756755470096,1.7416611745144772,0.7408662397142671,1.7685116958233753,820333,2.0067991925203774,5.457212908938192,0.6568681653453551,28,9.478111509458092,9,8.88592522704102,0.5855889857121783,1.1297878611957093,9,24041
0.5065189149441885,1.798831211571713,2.835272518529414,0.3100729490094589,1.954579624317493,858981,2.1066598125259786,7.334682907774725,0.5372368012174975,16,10.410098624845235,4,8.598177616469656,0.8172936122684867,1.880961087235372,18,33490
0.5354470122239436,1.3660394456487956,7.490893004262446,0.41880473685897684,1.2052444659497412,884637,2.3654055922693566,4.562305780034373,0.6079296316704096,24,11.17441102296432,6,5.664671191420464,0.7940678505861531,1.498454613991906,11,44469
0.5081839370481643,1.9010685376648946,1.1377631121046763,0.5689764612397189,1.5468350980276964,817108,1.9067777079420802,5.82196231654928,0.6402740193462704,10,8.698239043665016,7,5.396458324927967,0.6804516004677768,1.583560258426541,11,61742
0.6427019885166139,1.0083791212418491,3.6239326660209086,0.5208890704928629,1.9696980192303901,870446,2.1281986605882572,5.166265611641548,0.6308026018966038,37,11.393467669758108,5,7.274197085494496,0.7354417018558299,1.7528072030035982,5,38112
0.694075700766779,1.7499501356605123,2.8519477690588944,0.39150257658008464,1.9450841620700325,800829,2.0588811091254855,8.575135149748377,0.5993302698786934,35,11.809894953388095,7,5.337216176891314,0.6389545822591766,1.537430792658543,17,35581
0.6169751439679622,0.8279932328443221,1.4598978812267265,0.42805347581888803,1.7582947134275133,847002,2.0691370206724886,6.872920589967041,0.6584805345507478,16,9.96069657789412,9,5.9844098472672815,0.6052466542129772,1.683324742277189,9,35911
0.6393551309623653,1.8263276034885292,8.836850838419146,0.6184099430451138,1.383405468837692,859440,1.8638278486304771,4.900108137605558,0.5068776438519913,17,8.613437206624432,6,6.114521148678942,0.9690647800250239,1.4911706515581367,19,64842
0.6911039218113396,1.9766046477495414,8.489775896547593,0.32813788278121186,1.656389077771144,844648,1.8350753781380473,6.033332417573442,0.5742024826719696,17,11.866791004765858,6,6.3112863145590685,0.7376020155822431,1.9250286598289694,5,62826
0.5134709613866978,1.2160594449939257,7.318385115987319,0.5503553661180713,1.6060647578533431,872822,1.9731895739650196,4.293167521380981,0.6993681980291782,32,8.263621342392412,7,9.23051505393629,0.8162830020631215,1.4145177344483497,13,74226
0.5465782421782182,2.281178027225432,3.8688457426120193,0.3293440823244936,1.965330657212284,873119,2.405512107533161,2.199858681490551,0.6794120687477012,25,9.722504532458238,9,8.765439563744092,0.7765490959219532,1.3011641765757256,7,25526
0.6220290237608422,2.2610367877141186,9.671298612988506,0.633328473136813,1.9222652724576514,846707,1.8672071773457652,1.2522045449989236,0.5742655952876188,13,9.604923902452256,10,6.833421685954997,0.47956139361496813,1.7176408193031043,16,28893
0.5734016679640458,2.1840019483393034,5.281943220777836,0.7793970327087341,1.5396550375727347,865317,2.2098129986636623,5.692153218600892,0.5285557399303928,14,8.184238797187582,8,5.924516036434554,0.5927352665953263,1.8272889159055774,14,30213
0.6756544732506684,1.211316678763282,5.74537666784735,0.7758218148566707,1.7320549523989703,842377,1.9174228767482304,6.403574323763126,0.6616095436640178,22,9.63609637210383,7,5.1036829702314614,0.9070931156718266,1.3763674357860827,19,71386
0.6216132284112478,1.5329711978386307,6.762216051972519,0.3839019037784499,1.6749215130553865,831075,2.2610228853098384,3.6659211261099003,0.549675479230289,14,11.520081578864124,9,7.667278013995604,0.6448267226504087,1.8507986348271928,10,37567
0.5933270544600933,1.6829108271342874,5.892120291840429,0.6378924172450249,1.7158861393833753,845544,2.327043470510831,8.189515389054566,0.5251952767873215,10,8.813186682734313,5,7.369383778144454,0.42500692591821715,1.9126505861682794,14,42420
0.5810140507482096,1.111694332328105,7.970201992742791,0.332366897718496,1.30833380694313,828325,1.8753435551363937,5.224196489249038,0.5885166573007923,15,9.378349017337356,8,6.394359921487162,0.49836954657645505,1.9127459611614466,16,70456
0.5024981946493101,2.4029535078872284,9.926917294317294,0.4056112507483866,1.9546095615964492,821470,2.2076813356218237,9.187518962322525,0.533419896263566,12,8.956654335866363,5,6.954297768690021,0.5304408659003228,1.1880153283387278,17,24923
0.6834549564466983,2.1156527034589003,6.028086657304286,0.4276959958107664,1.6550967301594082,856641,2.3212436358759234,6.566550758491121,0.6582571112091047,12,8.843514215299617,9,7.081506907363432,0.4142039139150589,1.9750090218521472,19,29030
0.5088251086638159,1.7339636155431566,3.8371708579576556,0.7977750190875287,1.818916263139025,873019,2.2802090080878914,7.894065492506192,0.6076152583935528,26,9.908202106879719,5,6.676526399805122,0.7554344639851123,1.8044216578296999,13,35799
0.5919754534190899,2.352949762324912,3.363316282028745,0.33001630891352,1.955187071733694,808860,2.025589916582141,8.362701060942014,0.5327390437151964,21,8.696880123549658,6,9.124377743867653,0.5108859101399252,1.7148807072885885,11,26411
0.5614866930341846,1.4362169658164445,7.861251688120963,0.6671017509340074,1.2056423788867818,835829,2.1621840601049724,2.382326774588635,0.5886768559176678,23,10.360036012356455,7,9.681676529487405,0.8667283611410775,1.4663137961098616,14,39566
0.6486423347464705,1.507267247039981,7.126786133778,0.6219715264298111,1.8935443579163755,832978,2.202306601768625,8.354612677856778,0.5915185031020381,14,9.473947293865617,4,9.034288067592012,0.6390366384588585,1.4667498787499103,19,35905
0.5937111691855713,1.6419616670748214,9.838801940946361,0.6136513208969656,1.7922097971942592,848761,2.0684286206418196,8.969434554920333,0.5470558772770764,11,9.065366626516683,10,8.337664961387167,0.6046342695002525,1.2737648821608507,19,37765
0.6909250752938556,0.8880067701427503,3.4773628438195967,0.6532704773239779,1.8052667657857686,843027,2.304442355210598,7.482104553065014,0.5585657236134969,34,8.825154823622423,9,9.88828404672649,0.8039240707359991,1.1324032032310634,11,36676
0.6144347100961197,0.9727735066313195,6.495494301155065,0.6129969328800164,1.9706285394941165,822801,1.9678193075945731,3.5123764846121572,0.5743552258324353,23,10.498571043217627,6,5.571784654731679,0.7597400463538025,1.4248458446079155,9,66351
0.668674319796728,1.2838960017881258,7.173935807250878,0.7208857785764899,1.2675632788685398,828127,2.32809431094229,5.004210832501512,0.5970250075364435,17,11.763970987213158,5,7.0443757492636445,0.7610357131576213,1.6150527025050188,16,42069
0.5844772222110622,1.016329765271848,1.7258165430739623,0.6312021130450459,1.497113440785351,819869,2.455082960388761,1.9419391336042975,0.5840901954243355,11,9.92145478663048,6,9.649290561861013,0.5924681527132286,1.6969485173519543,17,44258
0.5306541106154314,2.0060127362004874,8.950088128056471,0.7863753690890815,1.310959474584315,806837,1.8340641343578463,8.74177717707827,0.5515509213829988,39,9.283687168647637,5,9.904309779500668,0.4583715238002057,1.8445401153514163,8,58057
0.6106654547963364,1.4783384275045828,3.780677716908908,0.5898321627329655,1.3243475460339884,839963,2.0479030289253655,5.842285206252167,0.662698834282395,23,8.889803560099535,3,6.22689720058212,0.6528333243211168,1.649901390181753,17,35567
0.5574708959903875,1.1833010190223558,8.738607071110305,0.6074898165606772,1.663811227668001,872820,2.2317202078525726,4.059594912025425,0.5559562133390928,31,9.45208842101505,3,9.130655789493469,0.4504172949111917,1.9091570198646948,13,40374
0.5555496628142043,1.1532900862816213,5.780444647350217,0.3964077072070858,1.5869517052452435,844631,2.4506821176334346,7.131619929561963,0.5642606386234873,29,11.366409952383046,7,9.12670716894256,0.48419687344628126,1.5915886421351375,19,42196
0.6085893470632349,0.9819426536705746,3.0651963611359583,0.5213317316142237,1.344409479235534,828670,2.353148716854091,3.7497243844675174,0.5088033506558447,13,8.357619963145348,5,6.434676052776775,0.6530610464603364,1.0627365979764598,20,39040
0.6811112617306806,1.0727596994276316,2.4877883567701513,0.7066047007900624,1.8936406835633457,861778,1.942906140197996,8.245473067968243,0.5583701369893492,36,8.008135110988288,6,6.46674299771655,0.7823983599889046,1.2344369252517695,14,74937
0.6045790444472546,1.493092623080996,1.493347197931913,0.41975058999839754,1.9813195410372257,854043,1.8585122188133951,4.24775776787156,0.6269464745805411,18,11.07050097527243,5,5.389307488234907,0.5380469797891128,1.831511569775942,9,68429
0.5630335923198616,2.132233528180892,6.943970306236786,0.6665297561452497,1.2331877430890001,896204,2.401998814378329,3.4394087745383795,0.508616423532742,21,10.822582244229565,7,6.745309174424117,0.4106431011655697,1.9488508748266473,18,31302
0.5265550736635302,0.8874861165627359,6.452644551438306,0.3180091543427929,1.9924678806970992,882679,2.0057213604912447,3.900546058063848,0.5933130258929963,37,8.822161563302563,8,9.163902513854476,0.830764124113673,1.3323586908864191,11,37201
0.5952950852692758,1.9507251476052538,5.582292231909009,0.7049167765850839,1.3249231444556873,819855,2.3448439284451577,6.218521389930938,0.6981694514438218,32,11.220955909789096,4,6.657536656156045,0.5432367858527112,1.3094377926804908,16,32251
0.6077206207124426,1.1228177670806943,7.800221783662826,0.33062152004151873,1.2670691668875322,815153,1.9305342195565696,4.764119136398217,0.5167004032125997,23,10.4519290365177,10,9.889118642021376,0.5784705136555088,1.3557568817897043,5,68226
0.5340155243882876,1.0428295870569824,2.515436238222955,0.3723149637435985,1.7298779880147306,891639,2.1127940335161934,2.7499739242196437,0.6399303399434109,14,10.39198367248562,4,9.111633270598777,0.5267930700514499,1.7264908714923255,7,41368
0.5423704370976333,1.7351442416526288,6.918521335208801,0.7361217394805029,1.8343295556040151,873517,1.878530403720156,2.030309022034054,0.5722214870520105,34,8.677988557777173,6,6.058080916524636,0.5397123458464859,1.4609336092486283,15,66814
0.5894066261313778,1.4246283230398555,3.4623506549464356,0.7522542167235071,1.4393198229977116,816993,2.295803894383669,9.085752082398026,0.5514576581468762,30,11.952529649461539,9,8.316369765197905,0.49239803999784126,1.2050175547845674,12,44995
0.6473698992613861,1.7139522951167208,1.8114787292254888,0.6018318187998897,1.7679779185088549,874489,1.9420686538769878,2.181797965684554,0.6172677068523008,38,9.711165049569487,4,9.646669861985119,0.8497825163246584,1.2545226298793133,11,72044
0.5181125735286947,2.0060656365139473,1.6257673211766757,0.4969781311298653,1.6121052234299216,829330,1.9268005428254025,8.595781026494805,0.5112775550803191,15,9.95510054030352,7,5.4162164374147475,0.6372890356229274,1.143262977683488,18,62150
0.5361657518861674,1.9612383517249095,9.08227634214284,0.36095795562159694,1.7264885317719925,810626,2.0624603662430245,1.0939427330796605,0.5866023315656231,12,8.005810488523856,8,5.925449343580095,0.40950426219100183,1.6414790058579376,7,39308
0.6384320693436065,2.385850043830336,8.439078301975732,0.4248088655250667,1.353099916023968,817661,2.057381441407807,2.928166296667582,0.627558789009047,10,11.256462855136032,9,6.419284934403217,0.7270956895429654,1.7205281464114588,14,24690
0.5134632390419867,0.8854791766342166,1.3783757744415706,0.7049188111725859,1.2299223528110217,845926,2.1787638770775186,5.636416789277397,0.6416242683446762,10,10.880366430327445,8,7.1627142874259455,0.8408144090837333,1.4586285767326985,7,35563
0.6117602097158753,1.2133059536266741,9.122747401831543,0.7612657229655775,1.4746980774117102,842870,2.371480512906529,4.6308699481947135,0.6182902239675019,29,8.839315158501774,8,8.609174409862261,0.44340383165434266,1.2958692324947085,15,42106
0.5655685852597743,1.7760855941783271,2.9454756691356723,0.7803522204122975,1.2411096541752784,810226,2.1770567922987567,7.674721624539265,0.6918919924741309,12,11.660093576802968,4,7.503036892451186,0.5810818086273516,1.7853752577166104,11,42225
0.6822672054601742,2.16663461785692,3.4684454282450714,0.796965679209064,1.2165367016259514,871437,2.0772395994127923,9.511333516100374,0.5302693487423946,16,8.204326999159544,8,7.840222253409868,0.7711064762975365,1.6229915462356876,9,24879
0.6455869010015469,1.3082210824726508,5.942283312250606,0.6818463973124822,1.7215303384427523,899488,2.138614042342514,5.251073001914685,0.5561065480642096,38,11.384260390671168,10,9.894781256456945,0.48742869063107697,1.4397101396053538,16,41069
0.5110357801055161,2.251986661685841,1.4024928066864972,0.7087170076515381,1.223331857927168,833866,2.2113257268164266,4.482526834881146,0.6356714215838122,31,11.223342538091895,6,7.7830055450707825,0.7646399038609554,1.1880463061296191,19,24282
0.5636435540393057,2.0682228113229923,4.944325360713439,0.4829346766194372,1.3928933745882268,805880,2.3174992754625205,1.7760545330790243,0.5412671457303281,16,8.16785819341392,4,8.428538417067257,0.9001285435289881,1.7746538870868085,7,30137
0.6458221795503136,1.064131218124568,9.599134925115013,0.6832684274644913,1.7000556109062268,816106,2.0434700982045264,6.185190817373735,0.6995344893448574,36,10.624526202919764,7,9.055972683188866,0.7472174914226231,1.4509435266544815,15,40169
0.6966161864198424,2.3699719351648234,9.296277293889284,0.31155645075885413,1.8181457606638418,890094,1.9611171192127592,8.883271143765562,0.6789008302498665,35,9.097739882080477,10,5.78078250455618,0.543703165435865,1.6568768432731815,11,56755
0.6296886645579505,2.472321099040478,1.5160569485104405,0.3479765894504074,1.5468031397009203,803879,2.2649595362885324,3.2001793933410982,0.6603489390371416,12,9.962711703691753,4,6.071737435299732,0.8754117493649322,1.4391765958144132,15,22179
0.6785987764494821,2.0441435122086844,4.9164872507290704,0.6982715359012449,1.5942746348951624,822841,2.4144149902516365,7.278379593701905,0.5449461735357042,26,8.929127015870836,10,5.704331097953636,0.8364970060836876,1.3556165141346668,9,29487
0.5441813426243978,0.9853157128909376,5.169709460318946,0.7148164614004586,1.2365973946407909,886426,1.8834682472452884,2.921672308430597,0.6784830151503762,11,10.99183995055861,10,9.514863475941274,0.594169099060392,1.8439848069746017,17,69262
0.5669289687126282,1.2181679203509126,1.1168870425720048,0.5884604928229098,1.679269696772616,868454,2.0809248735675188,2.426094268336046,0.5931800544126942,24,11.924865244357884,6,6.365227151229336,0.40333015419811113,1.2748524119088804,15,40362
0.5827596975944233,1.0354182333977782,9.216775147674618,0.7605227348786261,1.3214169896079961,813781,2.339477557184561,7.662020888997085,0.5134650465889191,18,11.241138899194622,5,7.818223644680773,0.8388283409993393,1.2637283110741069,5,40020
0.6976058040459372,1.5797609527403016,6.0479743201076275,0.5302446501397999,1.22900494427485,814892,2.397247575508713,3.8702566471959794,0.5990454851575161,28,11.92633112068174,4,5.648130338466361,0.4328073002530454,1.4005417140384087,13,40845
0.672494066879272,1.563727635243561,7.9147021767678725,0.4183255370291194,1.4492011490825043,869261,2.2325118713059386,7.965530793856994,0.6045236731707655,38,10.491824296953148,8,5.840209457262484,0.4412621754096956,1.3966844856048088,17,39076
0.6268656153734249,1.479118941303999,3.8607614285455023,0.629281645847072,1.5955246542127015,859115,2.3880167628811466,1.590487779414567,0.6409197933100449,31,8.454811104886979,4,6.475831567800277,0.9808264394241187,1.9015385937194078,11,41226
0.6535202560880026,2.243414589600574,7.872781915884421,0.6719018159926322,1.571537039929319,895748,1.829161651867198,9.616258027149051,0.6682717565331191,33,10.065540448595357,5,9.823505862156413,0.8355654877899104,1.1997560569735162,16,57742
0.6537487119021637,0.9762088635110621,4.435083540898801,0.3095847754642553,1.5688848369144064,877906,2.456059215575984,3.022607995492686,0.6417506137315563,23,11.990512180662291,7,9.66916147572226,0.8745802611568577,1.5473192651762377,11,38753
0.6809321775642645,1.2339426958367048,8.672855060392216,0.4992684933769123,1.716494837393501,858942,2.0456485420900616,1.5242278655992019,0.6770085203159405,12,11.510322595563819,6,6.351557301519829,0.4851321047502999,1.2637681803415353,17,38638
0.6468246927301586,2.106544695332345,7.570723239459551,0.3018736567295271,1.5160447690748238,871104,2.224675563591851,2.5123841530845192,0.5640271203538127,15,8.01315047417194,8,7.727940859624044,0.63360417794406,1.2417983773367247,17,30054
0.6416966156428221,2.252995424838845,6.704240358468872,0.4851390116888632,1.8665723154996792,825295,2.1974350522934225,1.5193891494129095,0.6632948618979608,27,11.814460101446262,8,5.724363313175832,0.8063163692238996,1.9448178458994458,14,22048
0.5916738748551625,0.8821075868095873,9.777443349220846,0.7894060325912198,1.8530847177113297,803722,2.4420283600107147,6.045579916578898,0.6497288805056829,15,10.593228324669091,9,5.4285342762600814,0.7644610633318812,1.325255063780645,9,41376
0.6198623515952703,1.6710190390607171,5.088386362151025,0.7283713190239367,1.520439596274546,852546,2.1752940573936734,1.000793880753082,0.5275650296168355,39,9.792651505644347,6,6.35328899626908,0.6675721537846464,1.5255422423238871,6,41211
0.5364322959725433,2.1105102384640686,9.847296021218892,0.6215497365460949,1.4888039520278316,892658,1.9931457506128099,2.0313516044277176,0.6346736738268,14,11.152159857122388,5,5.1491093350894275,0.6728658058928662,1.7977744883587652,16,63023
0.6869683035494387,1.5657691561299392,2.863313330470739,0.7726703842887614,1.534713179063536,812707,2.1190129114378538,7.096646206371143,0.623962659663086,27,11.723918729740856,8,6.665897831356713,0.6290771552072928,1.9111683302330293,20,41267
0.6361777455627443,2.1470730076597015,8.706423998137641,0.5913304848812628,1.3860346458172683,868546,2.252887873590747,4.832199562848743,0.5222972464874268,29,11.594167713234327,8,8.817594183304763,0.712113045769105,1.7961983302703568,12,30297
0.6940587586840331,2.3089948225025987,3.3532320434220804,0.6923898962002855,1.5978798993406658,813978,2.0832418874646557,4.317090600381778,0.6605953332421716,34,11.56190903987109,6,8.541628276841967,0.552572423561756,1.6949686881717303,9,25310
0.5148248581968464,1.6784222477638426,5.2558651075637925,0.6829716426979685,1.7101259305575605,858476,2.0229205602399256,1.8613770260082227,0.5228438401327306,11,8.720059144005916,5,5.810320319780039,0.6637250169620756,1.1156601183680606,9,38813
0.5473381671854156,0.9121198645897258,9.5122019146862,0.3279966487675785,1.6027558762970506,895714,2.353267783714939,8.984925053137708,0.5598991120509417,19,10.370027703941254,8,8.111273296618938,0.8260443273336571,1.096504161711656,6,37074
0.6641847153377538,2.286625947151239,6.450165846873347,0.41341819789038114,1.6472967617320229,889237,2.3840165759463154,6.3032786503979334,0.5351696274729272,38,9.283534320575939,6,8.854851681397687,0.9047838723548917,1.2942734008703725,12,32004
0.6291117714770731,2.25379803724498,3.975484343490675,0.3713724102744851,1.6655480311786488,801579,1.9969279848478914,1.8438025906079814,0.5215118751665149,17,8.393732534995873,8,9.749277272286477,0.9820964133918902,1.158052089596243,6,26901
0.5847690710521278,0.9440575321258817,2.8823716286079613,0.7826051001315653,1.2363383282052602,899997,2.4661814109115703,6.309630525655313,0.6135283015427235,18,11.672274851049316,9,6.6174026834094155,0.8367557313809502,1.7015499889107017,13,38649
0.5762031536152954,2.392755553165616,3.7606037595839776,0.3690207227998558,1.8511190974652694,897315,2.331260099628177,8.93453777731335,0.6016392202601184,29,10.092490550801756,7,5.134564440205222,0.7522733381247091,1.6039211807019234,9,23506
0.6267651129333864,1.179239073925435,2.4856498679579335,0.35066170553967524,1.898011701168937,800323,2.4805529158999526,3.6267748470048087,0.6036645256770535,36,11.351099208458725,9,8.293221939092339,0.7595401669728356,1.8320227804984546,12,41516
0.5906352784398247,2.3818549549215886,8.730076189876744,0.31676535944271533,1.861390614859206,846778,1.9760756683770497,7.568677648764497,0.6297974161170353,28,11.638947624613689,5,5.887171134153791,0.8946621359626934,1.8601585807178385,10,54848
0.5313569538796133,2.106248494205437,8.550918230450128,0.5192067505487685,1.5605027949951826,860597,2.349236881327597,3.1398304905787273,0.6813630066498928,32,10.040036279919082,9,7.821552258980488,0.4735892491260306,1.874241201702111,7,29494
0.501793084806077,1.4171383994138336,3.8725906376001644,0.3341764749826276,1.9653029349497333,869061,2.060615548839576,9.430808660415776,0.6434879867603644,26,11.23587484629563,4,5.719347728359544,0.9931081474099059,1.1096768914556678,8,35267
0.5377591927881309,0.8648223963791553,8.18667235475208,0.7755320277978173,1.3819660110421292,860027,1.8982047438110323,5.929062737065194,0.5425448824073656,31,10.88040188200901,6,5.453410694434033,0.9417503354329134,1.124211789984638,9,67814
0.6193701743018619,0.9856116179564344,2.8657556500436425,0.7263532642570958,1.6318035221659442,870769,2.4849420384043954,1.0607382427474568,0.6765803255970138,12,9.236527664039075,3,5.204248780619726,0.9251786474385725,1.0399838420006606,11,33777
0.6191098058786326,2.125796953224925,9.679811531010927,0.6715792351389709,1.5566020999862489,878814,2.1208502636866853,7.725551009248075,0.5236935798274636,12,11.895994973263644,5,6.064987296109566,0.5479590244319543,1.4452159480041744,8,28257
0.5853254541140651,1.7032721937874635,3.0482507023460594,0.7298716341794015,1.4606543889681673,863273,1.8486212864985363,2.9886830531934288,0.6553414640057987,23,11.54408462858006,7,6.458250142571214,0.7919625632245683,1.785801950400674,5,67348
0.5707141966085113,1.9928966770624377,4.4997965927301316,0.4555923467019259,1.8938828495164823,886246,2.2925965774825205,5.375277589878833,0.6977224481064169,14,9.835179354084163,3,5.655817481115394,0.9082337877373955,1.4267878655332078,17,27402
0.5877844523486685,0.8865465282010728,7.4410310401760675,0.47401114329581495,1.3557966819841343,836331,1.9190247213419604,2.9824275915231087,0.5992530166010148,23,8.20015838278842,6,8.268203414241022,0.5966811002365577,1.9986253607476423,14,64518
0.6914968766261255,1.6145310111944369,6.865549078281101,0.7018666482268903,1.406240460267802,873158,1.996125602432382,5.243769032157489,0.6228039860146857,35,10.652876582102149,7,5.539104365609208,0.7568322741935571,1.8425395468196133,12,70531
0.5613457968178575,1.1159104511976947,9.844472212923192,0.7925081432537248,1.523556010340476,846623,1.9863415347622828,2.496898063110846,0.5638836298974867,34,10.540347667324264,8,6.4397933776314975,0.8460471834447121,1.8541520064627166,9,72967
0.6419740474375136,2.02676478503613,5.333192576335463,0.3624364467388387,1.893012998606549,888191,2.4780723397203523,7.782814152713568,0.6764285693204841,37,9.14527362297421,10,5.3862155941547645,0.5257047643833502,1.9521690682906914,9,30508
0.6084562133611087,1.1429289155156213,5.338141158281163,0.4822649003094543,1.7239705388716342,812441,2.1376549483437914,7.829001384460071,0.5593179487029901,32,10.862956914511065,8,5.156553194822124,0.6924528526552226,1.3747742032434567,20,43764
0.6012661093386193,1.4949909162602486,4.197759270796759,0.7035528635582078,1.931471765307606,898891,2.4069182851680515,5.31617185629121,0.530847047470845,19,11.872970593018486,9,9.120199699743258,0.690809321131115,1.394544980883956,15,39843
0.5551620299558998,1.8297774527274493,5.1791415173899775,0.6658010035638489,1.5392796238181543,822503,2.487767497958693,9.35497848295146,0.60710039956339,21,8.920175491672817,4,5.6578614986661,0.7910406096572868,1.4833302114424831,7,37947
0.6234182226453777,0.8300626534342668,4.654987748544263,0.6105283497720373,1.9339671071391347,894440,2.3289516410625755,8.575165681316168,0.5098406422714546,16,10.708224429596676,8,7.546667008347125,0.5497164967168205,1.7504926068491815,9,37083
0.5005453060793886,1.8129352599798452,6.8200855425191325,0.7498681400730978,1.2934624325651811,834389,2.3787233646496073,1.7687501228719709,0.5155297606057628,17,11.18307393189966,7,6.460293734733817,0.8273977411540216,1.0860927713293038,11,34565
0.6897288306157124,2.2761135732067315,2.9318910283133706,0.4765722077220539,1.3092462476298212,861074,2.156597231923309,6.422092625350139,0.6150684810401884,24,10.288065227011689,6,5.495048835863186,0.7690340425247536,1.5114906542945405,12,25859
0.6016739869720686,1.5038220306486603,2.253223802947109,0.39964675983945874,1.3364139646446662,871766,2.107996016018707,5.736512642391457,0.5354737655880798,30,9.219617567966582,6,6.591255012445641,0.7481655066059634,1.8005183304689631,11,39944
0.6978342629335932,2.371338680155847,5.410394959990956,0.42756176733264833,1.9263223104506961,811194,1.8531700339904913,8.536916171065208,0.62189290980574,21,9.472147404900014,9,5.688196219312214,0.46899717447178424,1.1409677411203107,10,54296
0.6684602176251809,2.2723517219947915,9.255856303038815,0.3993781721020743,1.392791557537517,800486,1.879626342549151,6.552844752762991,0.6612358063450108,29,9.370536113529756,10,7.315298607374109,0.7041426603542671,1.9074974863214789,10,52591
0.5782240076823,1.4358934772770433,7.890671561481675,0.4149539104032617,1.2781009303640178,847497,2.145774147522289,9.241819431918914,0.6746859535306131,31,11.069406557400772,10,8.305867847011594,0.9219641016320048,1.1291227680699332,9,43090
0.6280248004166814,1.8585614603869425,8.605354446580666,0.7153310508953594,1.673306082082864,832351,2.1013756498576335,9.530880317095813,0.5056462110618217,13,8.803823428415235,6,9.511612315152778,0.6680386826653933,1.844764958808995,12,37525
0.5393196989241316,1.8885782286282318,8.19778911672784,0.6565565014708403,1.725433165332346,822399,1.8212301572810747,8.728735648838224,0.6917530830811089,27,8.675286627453701,7,9.418877528736374,0.6771842644693387,1.352903615766353,18,63042
0.6173449402496536,1.6550838444566285,1.5700918971164626,0.49635665382156047,1.5228307897678381,862864,2.0706706551906926,3.919185532348212,0.5258516087953473,36,11.611385961627327,4,6.444896797250795,0.6215398185390515,1.2956940808895991,10,37989
0.5628945766049482,2.027473707249312,8.0246652218927,0.5652024138564837,1.4432060110672462,801314,2.0668985681608967,3.0827248858043026,0.5397640183562191,36,9.99906583071196,9,5.505162711615311,0.999687936141297,1.0210278182321768,17,33002
0.6238893004849615,1.5152270458057335,1.064014186189147,0.4410781509987836,1.3020246147755203,821051,2.2323151331676394,9.902842949286606,0.6475475468694982,21,11.590496647341496,5,8.060736524983398,0.9814925384302099,1.8270766143887858,18,38873
0.6028426376861978,0.89388503150968,7.326791502060004,0.46695664221058586,1.2720360917867333,856763,1.9320034305742697,9.911989927265374,0.504085743082707,33,10.32991151180983,7,8.853638704397618,0.4061723815274238,1.830799295226065,18,65185
0.5092656006127142,2.2715582415649793,7.535928351472586,0.7856884456746062,1.4451841001483519,855573,1.82631989813885,4.308921457381905,0.6606756150818408,28,8.051645047223245,5,9.832886719909247,0.761030494061645,1.883594350496884,9,55800
0.6559057461098633,1.900378922639197,3.3998547581423737,0.37653572256484547,1.8259407643699765,895381,1.8247802756765865,7.326674754088589,0.5856560221609565,34,8.221611743740091,4,8.720857415612796,0.7722424616518273,1.083442772304604,17,70139
0.6976050018541917,2.1137923519829043,3.021846027248872,0.4497201984969905,1.9108327207323756,899164,2.158522046637731,5.240773411651633,0.5592450095088751,23,10.421195121310006,3,6.1801491665133375,0.801954163120284,1.4911925495034644,9,27921
0.6859615545638269,1.8353527036646577,2.304269178639169,0.5625394192137019,1.4723081955075101,853543,1.8265541187434526,7.135931142425898,0.5189725683820143,34,8.608164731210202,3,9.737252485137748,0.6290634944985012,1.073113768778855,17,66766
0.5165942959701263,1.4683726112306945,1.882054370526065,0.7255391645584977,1.65453980151093,893190,2.0990240846255097,5.385016283790616,0.6533299147026661,36,10.38640774203001,8,8.17474269969565,0.4916756118177533,1.9982941163934151,19,39034
0.5958739539478873,1.2196073643457894,1.998594490601368,0.5561239182238498,1.727837136957742,830359,1.8209782377597712,9.943076050210102,0.6758771398251215,15,11.665630816694675,4,5.875430728140635,0.686270655174648,1.9305838703239488,18,70320
0.5526050061898305,1.2516235387924335,7.1289765958988065,0.5856870042223511,1.6302052993929201,845210,1.9173517793964616,6.009904357587626,0.6886267324617013,29,10.59352292598433,5,5.473793965249491,0.4637007883348504,1.6171469673391645,16,70505
0.622253541556198,0.9230970357221512,8.592554543919336,0.6415690238506035,1.610851517529089,863277,2.4283764568715567,7.65179304796234,0.5385323027552095,19,9.531865309140944,9,6.062969662537683,0.9128836060345925,1.3339982553841403,7,36896
0.6075966336117951,1.534877217755546,4.453411496768586,0.5194301378051895,1.5664520420584223,855086,2.1796381919260157,7.296069495390266,0.538233432334361,19,9.531165527426,9,5.746613365854244,0.8725218215852242,1.6985931495381945,14,37749
0.5486301088299194,2.185703540993152,4.074146960244184,0.41102435515186175,1.7332379970228105,893521,1.9228680535844818,3.3139815820216083,0.5401907124295606,36,10.317081815076353,9,7.740973450552542,0.6970634564104405,1.7152024334326046,14,58385
0.6676109604349019,1.5960832273225187,8.979364275517627,0.6971133892355421,1.229738521723631,853093,2.2961078619287427,2.3812928704589647,0.563886648709462,26,11.01134740493967,8,6.367645748158223,0.9111906284865087,1.9553783181539044,7,39715
0.6620512822694098,1.4551516179836388,5.154773824428717,0.46256886401598635,1.6809497948106462,866667,1.9387173388632049,8.688146891117213,0.5954793679119965,24,8.609920997997042,10,6.88432940527864,0.9935128746998781,1.861702330866771,5,68684
0.6699280191533118,2.1258818025271164,2.5835170941339256,0.6333525410851877,1.58968484032415,806156,2.1947038217385355,8.794705380923581,0.6740862183659162,20,8.194776447041129,9,7.052876040413954,0.6714268262793985,1.5485800334203055,19,30821
0.6473910154966461,1.160797556052084,9.29469702346561,0.4447183207416759,1.2035123535322152,826858,2.0692039535816535,1.8797118742181533,0.6392456545946874,23,8.041323977690181,8,6.33010695212793,0.6191609327231574,1.9313013606234692,7,37509
0.5448210989958021,1.089587978147624,6.296915489324417,0.7079703231658708,1.814581363599565,894537,2.0260882707708396,3.7715315818473734,0.5677351940644422,36,10.254390575136663,4,7.543724517747842,0.9707107601377966,1.9015953046611878,17,45155
0.6500066225553713,1.9296363852889051,2.280688016765669,0.6940340534068252,1.8261659916829869,869867,2.029896242426316,8.720574180066434,0.6057752708396188,22,9.598461561581951,7,5.093767203491877,0.9075567728859822,1.582761364456708,11,33169
0.6856759622781547,2.425784365031474,5.289516848061861,0.4818416773150517,1.9393867311330362,810085,2.332681678727602,6.006274543623507,0.6277652552438991,21,8.953158958046009,3,6.121730982493169,0.7209915694251579,1.857460400975516,8,20674
0.5543766618977981,2.309006451624583,5.626550432383787,0.6248151610729711,1.6030592828994839,808704,2.4813899697598814,1.214385623725434,0.5975026059577393,14,11.159125695285166,8,9.193211258511353,0.5565750270257165,1.3978654691919397,5,30302
0.5353850984186952,2.269445823261541,4.589704473796486,0.30538712715114363,1.238329071977381,839037,1.8792416812512673,7.573049368056143,0.5997509700567814,10,11.155938738744489,3,6.588563490643256,0.7291069123524909,1.8533209336219572,8,56220
0.5709261324106362,2.0358746588768475,8.539141702601281,0.49899637699944677,1.7019274230246029,894476,2.1876396419861694,8.862903237162271,0.5634917991872588,39,11.920905219399208,4,8.358446756793445,0.6348457578358672,1.2387596908575822,9,30456
0.5755315740447174,1.4632395753910221,9.26146944950224,0.5081141346062812,1.6501639387467342,870117,1.9635616495204493,9.47542054728175,0.6266245918292022,22,9.606185502525227,8,9.392237351807944,0.7988399035861795,1.402270727697573,7,69862
0.6052377830884802,2.0250264735775727,1.6977789341868292,0.5662784398811627,1.3554160767591714,808919,1.9433734236437097,4.240381978660474,0.5077303674289482,24,8.869557050958216,8,8.11102564647627,0.7671984948964701,1.1846609962674035,10,57779
0.6280858608589506,1.5514389321074011,3.573153846137838,0.4880740530816019,1.7437604217281875,849241,2.0801193911929152,8.488622187600225,0.631768711463899,22,11.608211088682312,3,8.186216337642476,0.5128540072794239,1.8098929416247458,13,37820
0.6234950821701446,2.4920645626788502,9.362822326096824,0.7595707660599501,1.2837428628017458,822682,2.4925374703833514,5.985756001505945,0.5994395623350135,39,8.121193746556102,7,6.422396349796378,0.8198942914178041,1.7281439149789852,7,28398
0.538465424042897,1.5475605770064118,8.949630939673625,0.7226061588111792,1.262108912382573,860106,1.9574547742333166,1.760201042782079,0.6947785566107074,25,10.898320729889889,7,6.572694151991364,0.8337699372183485,1.4102420728982037,14,39795
0.5270824527223372,2.2617496079485226,5.434421423198295,0.4354219686362052,1.9200739206346944,868381,2.2365274794554484,2.0484451416212677,0.6628859852977821,24,9.288648387778029,7,8.817777748945504,0.45053064459389314,1.693931313140621,7,25945
0.6707214207524723,1.9625670993713638,1.6945052831424299,0.5038861727500066,1.6350193628196785,852254,2.2098194200107875,3.278416176607292,0.5571716752763212,13,8.28866530670528,6,7.519936262489466,0.7799786762673538,1.0312864992355275,13,34898
0.596649296999806,2.2697619404634923,9.145172958945318,0.7076339833187026,1.8036774493240801,818707,2.293928266147854,3.4207072361731736,0.6870307337247906,26,10.042229382789643,9,8.529240750744107,0.835640893351884,1.3879443551562172,8,24780
0.531010432840238,2.0404418199634913,9.264154498145494,0.541743715290586,1.597121714509814,824741,1.838092718547166,6.959864636455061,0.5695487876921556,36,10.749577435609304,5,7.577100626650582,0.950355853438366,1.3662100719455035,9,60876
0.6143025022003543,2.0645045667790143,9.1969153946907,0.3801625910774768,1.2075186353901641,823734,2.0092415251402325,3.5994218145500363,0.6776927641761191,11,11.143162980795202,4,5.37300027578443,0.765985094563497,1.6007899955566898,16,29317
0.6953606735202673,1.2324143763673046,4.897359016859201,0.7352339189493458,1.2063505793644407,802769,2.326487736830593,8.098746776283882,0.5242036757955607,36,10.313628207603303,7,7.4206688963406435,0.5420998053631945,1.1931474850552086,12,44479
0.5673027593260427,1.6782049441167035,2.818654574972078,0.5825726638756576,1.876726249034943,818514,1.848791796914265,2.152600000021143,0.554103690829137,15,8.464775128635134,10,7.702563464652949,0.8189643492691725,1.2594005088667002,15,68371
0.6079835971820097,2.2587894473260763,4.231416616771249,0.394545194432619,1.6827488018616412,826833,1.9044500092478447,3.098394960445812,0.5111865986918317,30,11.81833001962182,9,6.358216608275938,0.6745430781380961,1.5991714255047083,11,54796
0.6409557902606584,1.149538031502415,3.917924584218502,0.3605650897946858,1.9777409349131267,866629,1.8203410186181859,8.312016450209729,0.511270832234208,33,10.954610733925044,7,7.490750038182462,0.44472938653555144,1.7971300647699078,10,68048
0.5456233050904766,0.8383736214065893,4.5053355087440865,0.4738475419785701,1.5749421257014153,848591,2.002936012359346,5.905684628942911,0.6285413739147113,39,9.427520628552944,10,7.845193244749853,0.5989853871840247,1.2242519166320411,13,36114
0.582187085189414,1.5077035171663673,2.916567028862271,0.48018872574921245,1.2500754283876023,834021,2.1646565334970833,3.1596559203626167,0.5415937853174333,17,9.541519700840634,10,7.9203363271730565,0.8652071551073026,1.8820071384610562,16,40143
0.5715170309642336,2.4511257689099866,3.3112105317612004,0.6019151957518228,1.238406227346699,847634,1.9010248274687445,4.752563734968064,0.5592723918793621,23,11.594361472925643,9,5.318592479704886,0.4876198557259482,1.1662347341778108,10,52694
0.6554375316280111,2.3033571610492998,5.411323837994554,0.549368930860106,1.5044011053056905,859613,2.378351988544715,7.261072191497407,0.6902293170313303,31,9.605110929733,4,5.7025767771172555,0.4972814521858586,1.5669235657967895,5,25063
0.6163094857396194,1.1890784438434538,3.574847204454483,0.6122381009797856,1.6618453318880362,812880,1.8374177355476358,9.861202843851222,0.5506815275928058,12,11.832720363460725,6,8.084924586993303,0.9609005049036488,1.5299941385223457,11,69253
0.6006487966789245,2.4291987110814466,4.439279174060262,0.5524675897118951,1.2068478393519022,809964,2.0133562437376167,6.1294456731538665,0.6307676321337393,30,11.03156643216994,7,6.761538746233471,0.6168560997832887,1.2253738245805519,19,21438
0.5296519526997392,1.7758816113336366,6.055242714076828,0.3075416960348317,1.9941353228510814,817701,2.424705021250777,5.767190256392148,0.673740272295339,40,11.20928255172895,7,5.270963355083015,0.5163861135360729,1.2365965531930603,13,36189
0.687423363406728,1.6116469845448982,5.737188564375627,0.7156954770745794,1.7165912062279471,873274,1.9849796485156732,7.938657271607588,0.6943709855416369,23,10.773201184104964,8,6.001109793771592,0.8740578411971949,1.578657670731642,18,69715
0.5129793928226154,2.001500233361633,4.777619307024716,0.35088672505637275,1.2487250454199508,868946,2.0281696570000864,9.012479567083291,0.6524522556364726,15,11.362805784051796,9,8.533093700047349,0.7482026656524129,1.8149748544377977,17,31798
0.5581255265101487,0.9437753690846589,1.0036027619735135,0.564900569218013,1.7734997054192276,883225,1.9110870648524534,8.014759431879401,0.5768525736980851,12,8.435591571185043,9,5.150160420724577,0.8046751953573259,1.0392987703143148,15,71151
0.5349578119945576,1.2791983126827424,7.3665351831785815,0.4297162306178556,1.899640097917959,810279,2.4181390501502196,4.081977938956215,0.5413260767256879,33,10.20138051708602,3,6.941073814759712,0.9060265620328445,1.3800841979074074,14,41318
0.5882537008282134,2.151301437549738,2.67673256089529,0.3377331223064213,1.463395977435939,865242,1.9284042606064866,1.614415801132239,0.533376479189083,12,10.672854310383322,5,5.139825668875541,0.7574748818717061,1.129444668554779,18,28852
0.5767271879757618,1.623666654464029,2.324996012245357,0.3923320744458713,1.3915375618689763,848403,2.3342797645563516,6.367486495744392,0.616375106568466,14,9.137405403108936,4,6.509688320049397,0.5266896080796029,1.7841972095428402,7,40349
0.5933837948003198,2.4566349361596456,4.5559333622667975,0.35101035136585385,1.787627669463212,857041,2.317230699262801,1.9572453976107884,0.5222939464082536,20,9.346359728730944,8,7.366064225147275,0.4561540001871743,1.830564863469867,16,23003
0.5276527672219202,1.1769862492700207,1.8199018034204375,0.32394539738033196,1.366968822076915,877001,1.9098375917687656,6.995359869035213,0.6363507827931993,27,8.865106969486316,6,9.49436319279896,0.568058935950559,1.173242350533882,10,69285
0.6216425199703715,1.7907023578798364,2.3209011951861416,0.4785686307790405,1.5682458511618165,876653,1.8703152433350783,3.4748340260153414,0.6400515998567485,36,10.49779412836061,7,5.448394867941884,0.7389736211567883,1.8948907589532187,5,66079
0.6880663005578016,1.9699270217550446,5.6114325830701555,0.6804745059424304,1.8496242525758848,880320,1.9061885218831365,8.99997877692381,0.6608301483530624,27,9.854537605092345,4,8.826383861679474,0.9912856136318596,1.1991676058105285,7,65269
0.6547034372758943,1.0857132649217305,5.7240290822866156,0.4164463148425447,1.31690259127415,828208,2.160191190226871,9.45529186499824,0.5174875647951815,13,8.986604298881632,10,6.881700521646463,0.6302204320778559,1.6802389899221852,19,41308
