resin_take_width,resin_mm_edge,kelp_take_width,kelp_mm_edge,kelp_beta,squid_take_width,squid_mm_edge,squid_beta,squid_vol_threshold,profit
0.73,1.4,2.83,3.38,0.25,4.6,2.17,0.294,18,5693
0.82,1.75,3.42,1.05,0.383,2.91,2.55,0.309,17,24825
0.94,0.71,2.53,1.73,0.273,4.36,3.37,0.42,11,26707
0.76,1.41,1.12,2.48,0.306,4.9,4.85,0.239,22,14582
0.68,1.16,2.71,1.24,0.222,4.73,2.1,0.497,12,30060
0.76,0.77,3.11,1.23,0.377,2.37,2.55,0.64,14,37952
1.82,1.9,1.59,1.15,0.243,2.03,2.96,0.318,13,30676
0.56,1.56,3.41,1.13,0.352,2.25,2.26,0.628,8,38156
1.67,0.71,1.5,3.45,0.125,2.48,2.03,0.649,8,17107
0.96,1.87,3.33,1.14,0.158,2.11,2.07,0.394,11,32594
0.68,1.27,3.49,1.0,0.32,2.96,4.86,0.414,14,28647
0.51,1.45,3.45,2.47,0.397,2.03,4.96,0.64,8,20192
0.75,1.91,2.6,1.14,0.165,4.79,2.17,0.436,8,34292
1.16,1.9,3.28,2.86,0.401,2.11,2.11,0.688,13,27648
1.69,1.94,3.42,1.12,0.104,2.09,2.72,0.474,25,40483
1.9,1.11,1.29,2.06,0.269,2.2,2.2,0.693,25,28029
0.64,1.61,3.07,1.18,0.231,2.2,4.9,0.366,25,36515
1.72,1.11,3.35,3.46,0.438,2.17,4.68,0.719,25,12081
0.85,0.56,3.48,1.08,0.334,2.45,2.71,0.514,24,28010
0.51,1.51,3.28,1.52,0.386,3.51,2.39,0.676,9,42847
1.07,0.72,2.71,1.06,0.209,3.24,2.04,0.619,9,35259
1.49,1.81,3.46,1.81,0.107,3.86,2.0,0.251,9,12822
0.95,1.01,1.62,2.99,0.36,3.28,2.83,0.392,18,9382
0.5,1.47,2.29,1.5,0.471,3.39,2.19,0.353,8,25226
0.58,1.52,3.31,3.32,0.23,4.9,4.3,0.764,18,19558
0.53,1.97,3.13,3.46,0.276,4.11,4.73,0.642,24,22159
0.76,1.38,3.38,1.02,0.177,3.23,2.85,0.487,8,30760
0.83,1.54,3.11,1.74,0.322,2.9,2.02,0.716,9,47069
0.75,1.89,3.33,1.51,0.294,2.05,2.05,0.309,9,27518
0.86,1.12,3.19,1.41,0.407,3.17,2.54,0.589,9,36809
0.71,0.93,2.97,1.63,0.28,2.35,2.4,0.73,9,38104
0.6,1.34,3.37,1.88,0.342,2.93,2.07,0.519,10,30759
0.63,1.6,2.88,2.06,0.462,3.22,2.27,0.73,10,30179
0.77,0.55,2.95,1.68,0.176,3.3,2.02,0.701,9,38852
0.71,0.94,3.46,2.02,0.164,3.3,2.16,0.729,8,29963
1.4,1.72,2.91,1.65,0.342,2.4,2.17,0.757,9,43878
1.43,1.22,3.44,1.32,0.198,2.5,2.05,0.795,8,42649
1.06,1.69,3.29,1.93,0.281,2.33,2.59,0.739,8,39265
1.96,0.92,2.86,1.31,0.273,2.45,2.42,0.596,9,33376
1.5,1.86,3.49,1.15,0.363,2.22,3.81,0.578,25,35841
1.73,1.76,2.65,1.77,0.243,2.26,2.14,0.687,8,44095
1.89,1.66,2.73,2.53,0.448,2.14,2.07,0.453,8,20942
1.09,1.12,2.52,1.18,0.311,2.19,2.01,0.639,9,42879
0.98,1.98,2.44,1.69,0.139,2.43,2.94,0.742,8,41255
1.9,1.94,1.69,1.52,0.185,2.53,2.56,0.667,8,42482
1.86,1.6,2.44,1.1,0.302,2.34,3.49,0.365,8,33604
1.76,1.58,1.58,1.56,0.289,2.08,2.08,0.654,8,42351
1.26,1.54,1.34,1.03,0.347,2.11,2.06,0.573,8,38841
1.75,1.96,2.42,1.04,0.377,2.81,2.08,0.47,9,34255
1.87,1.9,2.82,1.25,0.479,3.7,2.26,0.567,24,40322
1.98,1.9,3.14,1.32,0.101,2.8,2.75,0.26,24,29015
1.32,1.58,2.1,1.16,0.411,4.84,2.23,0.402,25,27658
1.27,1.73,1.36,1.33,0.206,2.17,3.2,0.579,9,49014
0.9,1.42,1.21,1.41,0.102,2.58,3.04,0.742,9,38942
1.6,1.95,1.33,1.75,0.315,2.1,3.99,0.645,9,36073
1.92,1.91,1.26,1.62,0.155,2.05,2.77,0.509,9,38584
1.19,1.25,1.46,1.04,0.428,2.32,2.74,0.798,8,33313
1.86,1.04,1.2,1.18,0.472,2.03,3.95,0.347,9,30904
0.5,1.97,1.53,1.88,0.296,2.0,3.7,0.248,9,23529
0.96,1.92,1.26,1.49,0.197,2.68,3.59,0.722,9,42492
1.28,1.88,1.35,1.09,0.152,3.13,3.53,0.581,9,40839
1.75,1.88,1.07,1.53,0.415,4.06,4.07,0.643,8,38492
1.35,1.92,1.46,1.05,0.333,2.24,2.77,0.236,9,26317
1.51,2.0,1.33,1.93,0.466,2.37,3.11,0.409,9,34863
1.96,1.57,1.4,1.17,0.422,2.0,2.86,0.676,8,39411
0.89,1.63,1.15,1.06,0.424,2.39,3.45,0.235,8,28337
1.3,1.84,2.03,1.2,0.187,2.03,2.45,0.41,8,38493
1.55,1.58,2.5,1.03,0.469,2.27,2.26,0.665,8,42022
1.51,1.77,1.08,1.66,0.372,4.05,4.43,0.724,10,41356
0.96,1.94,1.04,1.16,0.285,4.56,4.24,0.403,9,34153
1.73,1.71,1.79,1.33,0.128,2.52,3.33,0.727,9,36226
1.5,1.92,1.42,1.93,0.196,3.47,4.72,0.607,9,35909
0.88,1.94,1.98,1.7,0.135,2.26,2.26,0.783,8,44333
1.99,0.97,1.01,1.25,0.469,4.05,4.7,0.783,10,34351
0.89,1.33,1.15,2.39,0.263,4.6,4.94,0.745,10,22762
1.41,2.0,1.1,1.17,0.366,3.39,4.19,0.513,10,44386
1.63,1.94,1.1,1.5,0.157,3.9,3.52,0.214,10,26027
1.95,1.49,1.01,1.23,0.107,2.65,4.42,0.747,10,41307
0.63,1.08,1.1,1.18,0.466,3.36,4.53,0.597,10,31817
1.86,1.84,1.59,1.22,0.149,3.63,4.7,0.449,11,39197
1.65,1.91,1.01,1.19,0.298,2.58,4.5,0.752,9,45326
1.05,1.92,1.23,1.14,0.154,2.97,4.98,0.373,11,37924
1.83,1.97,1.18,1.27,0.209,2.17,4.92,0.666,10,42629
1.73,1.98,1.0,2.35,0.49,2.53,4.68,0.708,11,28954
1.72,1.69,2.73,1.18,0.351,2.67,4.83,0.796,10,40561
1.74,1.17,2.61,1.09,0.418,2.38,4.75,0.561,12,32412
1.97,1.98,2.25,1.0,0.167,3.6,4.9,0.474,9,38832
0.99,1.66,2.89,1.04,0.118,2.72,2.02,0.785,9,49627
1.32,1.99,1.23,1.13,0.113,2.11,4.1,0.712,9,43997
1.82,0.56,2.98,3.39,0.207,4.76,4.99,0.365,14,7424
1.43,1.92,3.26,1.03,0.288,4.83,4.93,0.677,10,40121
0.76,0.52,3.47,1.17,0.145,2.05,2.38,0.459,12,23780
1.97,1.9,1.41,1.01,0.468,3.21,4.81,0.318,10,32916
0.91,1.98,3.46,1.24,0.164,3.75,4.77,0.622,11,39064
1.97,1.81,2.38,1.02,0.418,4.62,4.72,0.751,9,40769
0.99,1.59,2.66,1.13,0.338,4.86,4.8,0.615,9,34681
1.98,1.66,3.37,1.72,0.248,4.36,4.8,0.377,10,35353
1.82,1.99,2.34,1.07,0.499,4.63,4.4,0.793,10,42294
1.99,0.51,3.23,1.01,0.497,2.56,2.7,0.482,15,29848
1.87,1.77,3.16,1.17,0.259,4.51,4.85,0.56,11,38391
1.27,1.94,1.04,1.0,0.147,4.65,4.7,0.55,12,40478
1.58,1.57,1.3,1.06,0.272,4.83,3.68,0.781,14,42353
1.51,1.55,1.05,1.04,0.268,4.69,4.93,0.602,14,33054
1.66,1.61,1.12,1.02,0.211,4.85,2.87,0.603,13,42534
1.75,1.77,1.66,1.26,0.317,4.66,2.33,0.626,14,42627
1.56,5.99,7.32,9.51,0.375,8.66,0.58,0.156,18,0
2.12,8.32,9.7,0.21,0.708,3.04,1.83,0.182,16,0
2.92,1.39,6.12,2.91,0.432,7.85,4.56,0.366,6,40503
1.71,6.08,0.46,5.92,0.514,9.66,9.49,0.065,24,0
1.22,4.4,6.84,0.98,0.305,9.09,0.34,0.495,8,0
0.32,4.32,9.91,6.03,0.961,9.1,6.51,0.302,18,4316
2.83,0.75,6.28,7.27,0.761,9.67,0.23,0.428,6,0
4.42,9.34,1.85,9.54,0.438,4.04,6.08,0.261,12,831
8.31,0.27,7.61,2.44,0.126,1.66,8.63,0.172,10,33411
1.21,7.6,3.21,6.43,0.966,2.2,9.42,0.401,10,1315
9.08,0.83,0.16,4.17,0.889,9.79,7.55,0.561,1,38316
6.3,9.67,9.73,2.65,0.144,0.12,8.69,0.108,28,9222
9.5,7.73,0.1,9.87,0.436,6.74,8.62,0.77,2,5618
8.31,2.98,6.1,9.13,0.481,4.8,7.88,0.662,15,24622
3.59,1.0,6.95,3.05,0.934,9.12,4.98,0.891,7,43488
8.18,1.71,7.41,1.89,0.732,7.29,7.69,0.809,6,72087
5.62,1.13,9.79,1.74,0.602,9.07,9.79,0.819,3,65186
8.05,1.66,9.03,0.52,0.801,4.05,5.89,0.871,2,62107
9.23,0.2,4.74,1.04,0.908,9.32,9.96,0.205,6,46915
8.25,6.95,9.57,0.57,0.882,9.64,9.8,0.85,0,15435
9.02,0.39,8.54,4.69,0.235,5.76,6.83,0.484,3,29723
6.43,3.76,7.2,0.02,0.323,4.64,9.85,0.887,4,36416
7.64,1.11,9.96,0.63,0.971,9.02,5.47,0.368,3,46165
5.26,0.17,8.75,1.26,0.706,5.38,6.11,0.684,6,56332
6.55,0.96,8.65,2.81,0.946,9.72,8.92,0.114,7,29362
8.64,0.69,6.51,0.2,0.907,5.3,5.58,0.675,6,44371
5.01,0.34,6.83,2.29,0.552,6.78,9.5,0.855,3,40469
7.15,4.18,9.92,1.85,0.145,5.47,6.16,0.487,6,31566
7.66,0.88,6.42,0.19,0.689,8.36,8.09,0.366,5,51146
5.93,1.4,9.95,1.15,0.043,5.25,7.41,0.247,2,65344
7.56,0.25,9.58,1.1,0.195,4.34,8.26,0.975,2,47512
2.44,2.5,9.39,0.02,0.726,4.3,6.39,0.824,2,30106
8.95,1.35,9.93,1.77,0.175,8.06,9.13,0.726,3,66956
7.6,0.42,8.8,3.3,0.171,9.06,8.91,0.665,0,34603
9.98,1.48,7.82,2.1,0.156,5.87,9.72,0.63,4,59589
9.19,3.91,4.01,2.86,0.569,8.83,8.42,0.656,6,31663
8.02,4.06,9.17,0.89,0.733,3.54,2.61,0.163,0,4864
5.19,0.64,9.91,0.18,0.725,6.8,8.62,0.002,4,53141
6.91,1.15,9.23,2.93,0.437,7.24,7.86,0.684,3,45064
9.87,1.49,9.55,0.4,0.272,8.3,7.11,0.446,9,64713
9.12,0.7,7.82,1.52,0.129,8.94,7.81,0.696,5,58906
9.81,3.36,8.22,1.09,0.747,6.95,7.46,0.858,7,47811
9.42,1.58,9.13,0.09,0.887,6.84,7.95,0.191,0,50949
10.0,0.61,7.47,1.35,0.897,9.68,7.33,0.955,12,53568
9.9,1.48,9.5,0.92,0.643,8.42,8.59,0.101,15,50492
9.62,0.09,9.45,2.04,0.82,6.87,6.46,0.067,12,31200
9.59,0.37,4.8,0.6,0.474,7.74,9.18,0.659,19,47265
9.32,3.54,4.19,1.87,0.338,9.9,8.91,0.127,14,35312
9.85,1.53,6.84,1.56,0.105,9.15,4.7,0.555,22,69979
9.6,3.7,9.37,0.47,0.146,8.54,5.51,0.888,21,43897
9.59,0.67,6.96,0.39,0.5,8.86,0.91,0.75,21,54696
7.98,0.1,6.94,1.38,0.406,9.37,5.08,0.169,24,33329
9.09,0.8,4.77,1.44,0.411,9.67,3.13,0.598,19,70071
9.59,1.74,2.42,1.38,0.14,9.55,4.7,0.263,21,63748
9.72,0.28,6.98,3.51,0.411,8.26,5.13,0.367,20,22209
8.05,3.88,3.01,0.16,0.369,6.74,4.26,0.507,21,44262
9.53,4.81,5.7,0.72,0.035,9.93,3.03,0.044,20,1585
9.53,1.12,3.9,0.05,0.455,8.25,2.85,0.508,20,41621
8.03,0.06,7.41,1.36,0.354,6.21,9.42,0.957,5,45831
8.63,1.08,9.02,0.78,0.377,6.56,9.14,0.83,8,59611
9.53,2.29,8.26,0.41,0.054,7.89,8.22,0.412,6,28738
9.19,0.22,4.05,0.32,0.427,9.41,5.33,0.758,21,45172
9.49,1.73,7.83,1.52,0.866,6.87,9.35,0.746,3,74367
8.61,1.89,7.46,3.07,0.261,8.62,8.04,0.593,4,58657
9.94,1.6,7.53,1.88,0.109,7.64,9.47,0.748,2,70428
8.98,1.65,5.46,1.23,0.376,6.62,9.78,0.219,3,67931
8.71,1.14,7.94,1.39,0.641,9.57,9.72,0.298,2,65203
8.38,2.71,7.36,0.36,0.259,8.39,9.79,0.273,3,37734
8.69,1.08,8.19,1.64,0.236,7.31,6.27,0.196,7,50227
9.53,0.5,5.4,2.35,0.344,7.0,6.56,0.419,3,37930
6.15,1.57,8.04,0.0,0.863,5.29,7.92,0.901,3,56655
7.82,2.82,7.37,1.2,0.388,6.19,7.56,0.582,2,45355
6.39,0.61,5.0,2.33,0.342,9.53,3.38,0.36,19,30836
6.86,0.61,9.86,0.04,0.422,7.88,9.6,0.455,2,43102
9.71,2.11,9.36,3.23,0.585,6.39,9.94,0.072,1,8721
9.0,1.23,6.19,0.19,0.587,4.83,8.93,0.625,2,56246
9.08,1.38,5.9,2.47,0.953,8.39,9.5,0.608,2,53308
9.36,1.07,8.59,2.51,0.91,9.75,8.83,0.885,2,46947
6.56,0.91,8.76,1.6,0.708,5.83,5.9,0.127,1,44476
9.92,0.31,6.03,2.05,0.86,8.01,9.08,0.115,3,28844
8.63,0.54,8.6,1.88,0.936,6.81,8.08,0.065,3,43295
8.51,1.9,9.98,0.89,0.343,8.07,7.6,0.887,8,72625
8.28,0.94,7.54,1.87,0.002,7.55,8.81,0.185,8,38529
8.73,2.41,4.68,2.11,0.871,9.61,4.59,0.193,21,10209
9.48,0.99,7.63,1.19,0.297,5.63,9.33,0.772,1,63960
9.47,0.0,6.0,0.84,0.431,9.71,0.86,0.907,19,47641
8.23,3.15,6.86,2.49,0.819,7.0,9.6,0.0,3,29104
8.81,1.13,6.77,1.25,0.74,6.24,8.55,0.83,1,65572
8.95,2.1,6.85,1.07,0.219,8.24,7.37,0.833,3,39830
8.64,1.03,6.81,1.82,0.011,7.02,9.46,0.881,2,55312
7.31,0.86,6.66,2.85,0.941,9.24,7.11,0.583,6,38991
9.95,2.14,8.1,1.14,0.278,7.84,4.38,0.485,23,39645
8.21,1.86,9.46,1.52,0.872,9.32,6.49,0.114,9,61350
9.39,2.52,4.36,0.34,0.607,6.64,9.2,0.158,2,29649
7.79,2.66,9.96,0.07,0.061,9.02,7.98,0.899,8,23472
7.06,1.59,7.53,1.61,0.001,8.84,8.59,0.715,3,54656
8.45,1.39,8.29,2.34,0.455,8.17,9.82,0.732,3,55710
9.11,1.64,8.91,0.23,0.792,6.98,7.19,0.906,10,60790
7.53,0.55,8.32,0.07,0.966,5.6,9.45,0.948,2,37047
4.52,0.79,9.45,1.96,0.009,6.29,8.37,0.551,2,48903
7.79,0.77,9.44,1.24,0.722,8.55,8.8,0.431,4,60067
8.63,2.39,7.08,1.91,0.074,5.8,7.84,0.342,5,35431
8.45,0.46,4.28,0.86,0.45,9.69,1.66,0.317,18,21934
9.45,2.21,7.63,0.58,0.517,4.99,8.71,0.093,3,18433
7.47,2.62,9.35,0.86,0.587,5.25,7.06,0.891,2,38088
7.78,1.77,7.26,1.25,0.623,7.9,7.96,0.513,5,74519
9.79,1.71,9.5,0.76,0.664,8.55,8.7,0.659,10,65653
7.75,2.29,7.51,2.84,0.862,8.47,9.0,0.415,4,18186
8.88,3.64,9.67,1.42,0.153,7.14,7.37,0.398,9,46677
9.43,2.67,8.55,1.75,0.726,8.36,7.83,0.584,11,42913
8.04,0.82,5.95,0.8,0.994,6.9,7.29,0.837,6,52189
8.28,2.31,6.92,1.52,0.252,7.18,5.74,0.866,5,42876
8.09,0.94,8.33,1.7,0.355,6.28,7.03,0.669,8,62907
8.48,1.29,9.9,1.51,0.692,8.1,8.12,0.069,6,53878
8.05,2.26,9.84,2.33,0.58,7.88,7.62,0.256,8,21813
9.97,1.72,8.55,0.15,0.758,8.97,7.23,0.297,10,48616
9.39,0.86,9.88,0.1,0.856,9.22,7.89,0.841,9,51076
8.14,1.82,6.84,1.51,0.725,7.46,6.44,0.34,8,63908
9.93,0.21,9.36,2.44,0.599,8.8,9.4,0.232,4,31160
9.66,1.54,8.73,2.16,0.81,7.31,8.02,0.522,3,57719
9.68,0.67,8.03,1.32,0.804,9.41,9.18,0.924,2,54300
8.97,1.77,2.06,0.75,0.206,9.02,6.07,0.66,20,71810
8.69,0.21,4.13,2.67,0.143,9.89,3.37,0.983,20,30353
8.71,1.37,8.39,0.87,0.049,7.88,9.5,0.809,3,68579
9.01,2.37,1.46,1.14,0.681,9.47,5.92,0.614,20,41503
8.49,1.09,8.93,1.97,0.726,8.58,9.22,0.661,2,59841
8.81,1.34,8.38,0.52,0.747,9.43,7.21,0.38,9,51057
9.03,0.15,7.94,0.89,0.245,6.67,7.1,0.431,9,47180
9.79,1.92,9.66,0.62,1.0,6.84,6.91,0.4,7,63750
4.62,1.43,9.8,2.42,0.338,8.76,9.76,0.734,5,54581
9.16,2.18,3.29,1.09,0.282,9.18,5.79,0.763,19,38959
7.92,1.51,8.57,0.18,0.54,7.97,5.94,0.078,9,50865
7.41,1.17,8.52,0.98,0.512,5.29,7.53,0.168,8,53669
7.49,1.0,6.37,1.25,0.061,6.13,8.02,0.635,3,65233
9.49,1.03,8.59,0.19,0.903,8.16,7.89,0.361,8,44863
8.46,1.26,9.83,1.45,0.447,7.47,9.05,0.861,4,68552
9.27,1.85,7.43,1.75,0.959,7.82,7.96,0.487,2,74278
7.17,1.27,9.61,0.23,0.251,4.95,6.7,0.41,1,55176
9.31,1.41,7.38,0.98,0.637,6.82,9.66,0.982,3,60607
8.5,1.89,7.96,2.57,0.821,7.97,8.38,0.144,2,42893
9.85,1.37,6.51,1.35,0.805,6.04,9.18,0.417,2,66303
7.03,1.85,8.05,1.77,0.648,6.56,8.0,0.603,6,77453
7.39,1.73,9.07,1.91,0.797,6.29,6.13,0.502,6,68813
5.75,0.51,9.64,0.73,0.925,7.7,7.44,0.58,5,47037
8.54,0.3,7.1,0.87,0.752,7.57,7.79,0.99,3,42361
5.61,0.98,9.2,1.28,0.373,6.86,8.65,0.395,6,62246
7.17,0.27,7.62,1.88,0.322,6.3,7.84,0.646,4,49504
7.82,1.89,8.48,0.31,0.67,7.49,7.85,0.667,6,66273
5.95,2.45,9.27,2.39,0.009,6.66,7.69,0.883,7,28474
7.28,3.22,7.14,0.82,0.124,6.36,7.76,0.916,6,40296
7.86,0.61,9.88,1.6,0.061,6.05,6.74,0.953,8,52334
9.74,0.58,8.05,1.32,0.476,5.66,9.34,0.856,2,58769
6.02,0.17,7.55,1.93,0.373,7.62,7.22,0.681,6,47028
9.17,2.27,7.38,1.67,0.77,6.9,7.9,0.409,1,38150
6.63,1.82,8.59,0.8,0.871,5.09,7.6,0.631,5,69774
6.34,1.26,6.77,2.62,0.886,6.74,7.93,0.319,5,45212
6.88,1.93,9.16,0.57,0.853,7.31,9.3,0.877,4,66312
7.36,0.65,7.58,2.09,0.676,5.96,6.63,0.973,6,42528
6.29,2.86,7.73,0.25,0.664,9.11,7.52,0.898,5,36502
7.16,1.23,8.7,1.62,0.181,6.62,4.64,0.905,7,65679
5.27,1.62,9.83,1.98,0.96,4.91,7.65,0.261,5,59845
8.72,0.04,6.57,0.13,0.347,3.99,7.82,0.981,0,33720
7.53,1.07,8.23,0.96,0.914,6.65,6.57,0.469,6,55833
8.62,1.57,6.86,1.51,0.879,8.07,7.48,0.616,6,73960
8.65,0.73,9.26,0.76,0.879,6.63,4.97,0.369,8,43780
5.23,1.89,9.63,1.42,0.348,5.06,8.96,0.929,4,72000
6.55,0.11,9.19,1.43,0.927,6.18,9.01,0.778,6,51835
7.78,2.24,7.4,0.68,0.671,7.0,8.22,0.946,4,28269
7.53,1.27,9.96,0.84,0.531,5.13,8.62,0.619,7,60578
5.9,1.11,8.02,1.63,0.839,7.09,9.08,0.051,5,56122
8.52,1.01,2.01,0.19,0.017,10.0,4.85,0.634,20,40565
4.86,1.09,8.95,1.28,0.726,4.34,7.84,0.88,2,66625
3.42,1.13,9.28,1.8,0.484,4.69,8.87,0.431,4,61820
9.45,1.01,6.85,0.97,0.004,9.92,4.77,0.14,22,36174
5.73,1.7,9.73,0.71,0.672,6.33,9.19,0.879,7,66564
7.96,2.01,9.21,0.89,0.399,6.76,6.55,0.921,8,35353
5.5,2.05,8.98,0.05,0.53,5.94,9.5,0.049,3,17134
7.16,1.63,9.04,1.94,0.616,5.45,7.47,0.433,4,68406
5.02,0.48,9.66,1.88,0.047,5.59,6.51,0.561,4,52130
7.53,1.86,7.84,1.97,0.815,8.34,6.89,0.124,7,59829
6.02,2.62,8.62,1.23,0.305,4.69,9.02,0.851,6,44309
5.93,0.7,8.8,0.22,0.837,5.25,8.44,0.985,7,41291
9.56,1.99,6.89,0.96,0.608,8.38,7.35,0.772,7,72743
5.08,2.27,9.6,2.46,0.593,4.09,9.31,0.207,3,15796
4.85,0.66,8.71,1.56,0.668,6.96,7.45,0.219,5,51184
6.94,1.16,9.68,1.76,0.873,5.58,8.68,0.372,7,63392
9.99,1.31,6.94,0.27,0.678,6.98,8.02,0.333,1,54975
5.38,0.33,8.9,0.99,0.817,5.34,4.2,0.595,6,46421
6.47,1.05,7.07,1.55,0.45,5.62,7.99,0.196,7,59157
7.84,1.8,9.63,0.6,0.91,5.7,6.04,0.126,6,47960
7.46,0.45,8.55,1.99,0.434,5.24,7.57,0.184,5,42048
5.82,0.39,9.68,1.55,0.233,3.52,6.83,0.474,2,53195
8.36,1.1,5.93,2.07,0.561,8.55,7.87,0.148,6,41675
6.88,1.24,8.78,1.37,0.423,5.33,8.34,0.851,5,68163
8.24,1.72,8.57,1.17,0.35,8.18,8.65,0.251,2,67591
9.15,2.69,7.2,0.37,0.891,9.44,6.09,0.482,6,27990
5.75,1.9,7.01,1.21,0.327,5.72,7.7,0.211,5,68973
5.33,1.1,8.82,0.95,0.864,4.05,6.26,0.16,3,44082
6.33,2.03,8.14,1.38,0.071,6.78,4.53,0.153,6,21869
5.85,1.59,9.11,2.36,0.599,5.15,7.53,0.782,2,57723
5.52,2.0,9.3,2.44,0.185,6.63,8.04,0.742,4,62064
6.59,2.21,9.22,2.29,0.555,4.07,8.54,0.726,5,25984
4.73,0.41,9.23,0.52,0.727,4.77,7.19,0.596,0,42300
8.29,2.05,9.92,0.45,0.953,7.4,7.47,0.718,6,23685
9.14,2.15,9.65,0.93,0.908,6.96,8.16,0.504,8,31833
3.94,2.2,7.32,2.4,0.637,7.33,5.29,0.531,14,22511
4.27,2.66,9.7,0.54,0.671,4.52,5.92,0.536,13,29459
4.75,1.28,6.12,1.08,0.643,6.93,7.28,0.573,8,67028
4.02,2.22,0.46,1.68,0.651,7.83,9.74,0.513,17,39802
3.73,1.88,6.84,0.7,0.63,7.55,5.17,0.599,9,64472
3.49,1.18,5.33,0.5,0.611,8.0,5.06,0.687,5,57051
6.88,2.04,8.99,1.18,0.654,7.66,6.33,0.544,6,36498
3.32,2.26,3.47,0.92,0.693,7.49,6.99,0.671,8,36431
3.1,1.17,6.48,0.75,0.692,6.37,5.68,0.693,7,62098
6.09,1.11,6.17,0.62,0.652,6.16,5.48,0.65,9,56210
3.46,1.0,8.02,0.77,0.632,7.29,7.4,0.577,9,56598
5.26,1.31,6.17,0.58,0.602,4.7,8.18,0.637,7,58360
5.99,1.86,6.55,2.47,0.645,6.9,9.7,0.658,8,58994
3.2,1.52,7.41,0.97,0.669,7.4,8.96,0.655,6,66048
3.42,2.46,8.74,0.98,0.602,5.01,9.91,0.616,6,37861
3.43,1.65,6.95,2.38,0.633,7.82,6.54,0.58,7,58895
5.06,1.48,5.44,1.45,0.698,7.1,9.34,0.616,5,69311
7.54,1.01,3.46,0.96,0.646,7.15,9.88,0.589,6,58494
6.65,1.03,3.23,2.2,0.688,3.45,9.5,0.563,5,53432
4.82,1.39,6.42,0.85,0.614,7.95,9.24,0.611,7,62123
8.96,1.03,0.3,1.21,0.602,3.06,6.23,0.511,20,60233
8.95,1.52,5.1,2.05,0.639,3.0,8.39,0.546,20,60614
8.99,2.57,4.3,1.85,0.647,4.38,5.17,0.615,20,35082
3.16,2.24,4.74,1.99,0.691,6.73,9.3,0.547,5,38195
6.57,1.42,6.0,1.88,0.624,6.76,9.6,0.614,5,66180
5.77,1.19,5.61,1.75,0.622,7.8,8.28,0.552,6,65181
8.86,2.08,1.86,1.96,0.641,3.64,9.9,0.539,19,37816
8.14,1.71,7.99,2.41,0.656,3.14,9.44,0.618,19,57761
6.45,1.77,5.39,0.55,0.634,6.79,9.56,0.679,7,64367
4.91,2.14,6.87,1.4,0.666,7.93,9.82,0.661,5,39667
5.67,1.0,6.35,1.61,0.62,6.49,8.12,0.648,6,62931
5.79,1.31,4.25,2.0,0.653,6.78,8.74,0.563,6,64033
3.41,1.29,6.0,1.14,0.62,7.96,7.59,0.562,6,68306
4.03,1.0,6.48,0.8,0.612,6.52,8.04,0.538,6,56727
5.76,1.06,4.63,1.89,0.684,7.39,8.82,0.669,8,60972
5.86,1.42,4.9,0.65,0.625,5.37,9.29,0.566,5,63872
7.11,2.25,4.88,1.26,0.653,6.15,8.09,0.636,5,41589
4.34,1.38,5.79,2.34,0.668,7.48,8.67,0.59,7,56858
3.37,1.75,7.09,0.8,0.683,7.88,7.42,0.579,6,67224
4.91,1.22,4.91,0.89,0.682,7.35,9.07,0.566,6,63362
5.97,1.09,5.72,1.55,0.666,5.37,9.6,0.547,7,67178
8.04,1.04,6.92,1.17,0.7,5.3,9.5,0.515,8,64482
5.86,1.25,5.31,0.67,0.699,5.43,9.86,0.595,9,57614
8.89,1.21,5.98,2.5,0.638,5.55,9.32,0.551,10,52103
8.78,1.58,8.72,0.86,0.699,3.3,9.57,0.631,8,64854
7.56,1.69,7.47,2.33,0.694,3.22,9.53,0.613,7,58143
8.37,1.66,9.91,0.53,0.628,3.09,9.44,0.537,10,62977
8.28,1.33,8.36,0.59,0.644,3.17,7.07,0.651,9,62122
7.23,1.93,7.25,0.92,0.65,3.41,9.09,0.645,9,70858
8.73,2.68,7.64,0.7,0.612,3.45,8.94,0.508,11,35896
7.25,1.31,6.74,0.66,0.691,3.32,9.25,0.677,8,58527
6.05,2.25,7.86,1.56,0.655,3.66,9.5,0.698,9,40378
4.02,1.63,7.13,0.76,0.693,7.74,6.77,0.567,8,66245
4.44,2.2,5.67,0.71,0.633,7.72,6.54,0.547,7,29033
6.29,1.01,5.14,1.35,0.602,6.46,8.75,0.622,6,63774
5.96,1.25,4.3,1.09,0.656,6.45,9.9,0.692,7,66616
6.08,1.02,4.9,1.5,0.611,7.52,9.84,0.614,6,63078
8.37,1.38,7.27,1.03,0.608,3.28,9.89,0.617,9,67127
3.57,1.92,7.62,0.89,0.611,7.8,7.84,0.691,8,70408
8.07,2.06,7.22,0.79,0.689,3.8,8.3,0.51,8,32586
3.93,1.94,6.96,1.33,0.662,6.87,8.33,0.649,8,77505
4.0,1.21,6.88,0.83,0.658,7.59,8.02,0.691,8,59336
3.57,1.92,7.06,1.2,0.663,7.64,8.7,0.664,8,77111
3.43,1.61,6.54,1.44,0.608,7.07,9.12,0.571,8,74840
3.22,2.2,6.76,1.61,0.649,7.0,7.53,0.691,8,40098
3.21,2.09,6.56,1.06,0.641,7.6,8.51,0.509,7,39527
7.64,2.31,7.73,1.47,0.62,3.43,6.47,0.626,10,41220
7.99,2.19,1.65,1.26,0.698,3.52,7.33,0.585,8,41588
5.74,2.3,2.07,1.98,0.687,7.88,8.95,0.687,7,35890
4.33,1.88,7.58,1.13,0.689,6.91,8.65,0.525,8,76368
4.85,2.58,7.2,1.57,0.62,7.2,8.01,0.584,8,42942
3.61,1.79,7.2,2.03,0.613,7.55,8.83,0.632,8,65163
4.18,1.94,7.57,1.66,0.653,6.56,9.44,0.669,8,76224
3.92,1.35,7.21,1.43,0.623,6.58,9.05,0.526,8,68116
3.97,2.26,7.08,1.0,0.627,7.31,9.05,0.539,9,38096
7.58,2.5,8.5,0.56,0.643,6.62,7.41,0.625,14,36318
5.07,2.68,7.74,1.87,0.641,5.67,8.11,0.671,6,40801
6.31,1.95,7.73,1.74,0.619,6.21,7.26,0.532,20,74323
7.12,2.63,3.66,0.57,0.623,4.22,9.1,0.519,16,33785
4.86,2.98,0.36,2.49,0.663,3.64,5.01,0.504,20,25821
3.47,1.42,7.52,1.3,0.615,7.47,7.96,0.694,8,70116
4.27,1.7,7.31,1.9,0.668,6.09,8.44,0.634,8,69898
4.33,1.35,7.48,0.98,0.654,7.2,8.5,0.565,7,64188
4.3,2.0,8.44,1.6,0.647,6.93,8.4,0.626,8,77093
4.91,1.5,8.01,1.84,0.684,5.98,9.15,0.694,8,67976
4.49,2.42,8.28,1.65,0.633,6.18,8.26,0.69,8,41519
5.45,1.56,5.76,1.47,0.615,7.27,9.56,0.651,6,70837
3.74,1.39,7.97,1.41,0.691,7.2,8.77,0.56,7,68694
5.29,1.52,5.67,1.43,0.654,6.44,9.29,0.587,6,72832
4.45,1.76,7.78,1.55,0.698,6.57,9.79,0.602,8,73531
3.57,1.93,7.61,1.33,0.612,7.09,8.79,0.511,8,77176
4.12,1.97,7.96,1.75,0.641,6.85,8.62,0.588,8,79208
5.67,1.19,5.73,1.59,0.626,5.84,9.79,0.55,6,68804
4.51,1.67,8.02,1.58,0.637,7.06,8.57,0.608,9,76408
4.36,1.22,8.3,1.3,0.619,6.59,9.17,0.696,9,67273
4.38,1.5,6.95,1.89,0.625,7.08,9.62,0.57,8,68840
3.19,1.97,7.85,1.17,0.622,7.87,8.89,0.645,7,77528
3.08,1.94,9.0,1.55,0.682,7.06,8.11,0.514,8,76783
3.28,1.92,8.81,2.21,0.611,7.69,9.17,0.523,8,63134
3.06,1.86,8.05,0.86,0.693,6.84,8.92,0.629,8,68835
4.05,1.91,8.72,0.96,0.612,7.84,8.22,0.636,8,71391
3.13,1.18,8.61,0.76,0.691,7.5,8.17,0.68,7,58064
3.92,1.07,7.87,2.23,0.684,6.49,8.55,0.691,9,50267
3.32,1.18,8.65,1.24,0.674,7.55,8.11,0.507,8,65843
3.19,2.9,8.99,0.68,0.685,7.73,8.98,0.62,8,36456
5.39,1.52,8.45,1.06,0.66,7.04,8.87,0.674,8,70143
3.29,2.25,7.35,1.78,0.655,6.39,9.14,0.518,8,39334
3.31,2.0,9.48,1.74,0.685,7.22,7.76,0.588,8,76870
3.35,2.06,8.88,0.85,0.618,7.37,7.35,0.502,7,30768
4.41,1.29,9.6,1.35,0.643,7.39,8.66,0.67,8,67906
3.71,1.57,8.92,1.05,0.668,6.99,8.61,0.527,8,70918
4.52,1.06,8.39,1.7,0.622,7.69,9.22,0.586,8,65792
4.91,1.69,8.67,2.3,0.635,7.34,8.57,0.56,8,58565
4.0,1.99,8.04,0.91,0.63,7.15,9.68,0.631,7,71533
3.23,2.06,7.99,1.28,0.6,7.44,8.16,0.661,8,40212
3.21,1.59,9.78,1.63,0.641,6.73,7.89,0.509,8,70466
4.13,1.92,7.41,1.19,0.604,7.3,9.29,0.539,7,77117
3.91,1.52,6.66,0.91,0.651,7.58,9.01,0.639,8,64857
4.27,2.42,8.05,1.79,0.661,7.26,9.12,0.561,7,43610
5.67,1.1,5.39,1.61,0.628,6.8,9.05,0.522,6,64626
4.06,1.45,7.64,0.63,0.645,6.69,9.14,0.55,8,63885
3.91,1.73,8.17,1.54,0.627,6.78,9.51,0.699,8,73210
4.05,1.64,7.43,1.51,0.622,7.42,9.88,0.589,8,71824
4.42,1.43,8.5,1.71,0.614,7.18,8.98,0.667,8,68438
4.9,1.42,8.72,0.94,0.655,7.19,7.72,0.536,8,64598
3.49,1.33,9.73,2.23,0.649,7.92,8.05,0.682,8,53879
3.26,1.13,7.92,1.15,0.677,7.05,9.44,0.646,8,65429
3.69,1.89,7.94,1.11,0.613,7.7,9.25,0.686,7,75816
4.74,2.1,8.31,1.07,0.696,6.71,9.75,0.528,8,39400
3.65,2.08,9.36,1.65,0.643,6.84,8.14,0.6,8,42388
3.37,2.16,9.7,1.49,0.686,7.11,7.6,0.528,8,38508
4.38,2.19,8.8,0.83,0.644,7.06,7.84,0.69,17,33424
4.81,1.95,9.93,1.19,0.643,4.92,5.97,0.645,9,77687
5.22,1.67,4.82,1.33,0.683,3.58,8.49,0.657,8,73436
5.37,2.18,1.74,1.5,0.653,6.72,7.76,0.67,12,39462
5.81,2.47,2.85,2.47,0.673,3.25,5.02,0.698,9,26776
4.36,1.4,7.38,1.34,0.637,6.77,9.68,0.509,7,71684
8.11,1.05,1.62,1.5,0.673,5.27,9.76,0.528,13,63151
4.25,2.27,8.08,1.96,0.613,4.01,6.24,0.648,11,36586
4.31,1.97,8.11,0.93,0.658,7.33,8.43,0.544,7,72011
6.54,1.3,8.49,0.69,0.611,6.62,7.82,0.565,11,59495
3.98,1.55,7.81,0.92,0.602,7.97,8.32,0.527,8,65759
4.79,2.67,8.38,2.23,0.692,7.3,6.6,0.593,13,30443
4.89,1.18,7.58,1.48,0.667,6.39,8.75,0.648,8,65073
3.34,1.91,7.54,1.09,0.611,7.31,9.51,0.542,8,78882
3.07,1.18,9.34,1.63,0.665,7.11,7.75,0.514,7,64981
3.72,1.83,7.41,0.95,0.671,7.82,9.52,0.51,7,70199
3.77,1.72,9.4,1.89,0.652,7.15,8.22,0.568,7,70656
4.16,1.7,8.1,1.5,0.688,6.6,8.64,0.592,8,75862
4.55,1.78,8.63,1.44,0.62,7.92,8.29,0.645,8,73965
4.6,1.71,9.6,1.73,0.685,4.23,6.05,0.565,8,67907
3.4,1.89,7.63,1.72,0.634,7.26,9.59,0.596,8,74923
5.81,1.8,5.7,1.12,0.615,6.52,9.8,0.53,5,77811
3.27,1.55,6.68,1.85,0.601,7.6,9.85,0.567,8,70286
5.53,1.41,5.28,1.89,0.649,6.61,9.79,0.612,5,65828
5.44,2.2,9.48,0.91,0.694,4.61,5.93,0.623,8,34964
5.17,1.58,5.2,1.01,0.693,6.78,9.98,0.543,6,73154
3.88,1.5,7.71,1.5,0.61,7.36,9.37,0.513,8,70240
4.28,1.35,9.88,1.23,0.634,5.41,5.33,0.538,9,65547
5.54,1.98,4.92,1.66,0.62,6.72,9.65,0.558,7,79812
4.96,1.76,4.92,1.74,0.662,6.12,9.46,0.632,7,72966
5.88,1.71,4.78,1.35,0.629,5.63,8.96,0.578,7,77158
5.18,1.57,4.69,1.65,0.647,5.98,9.82,0.5,6,73115
5.33,2.82,4.51,1.83,0.643,6.44,9.53,0.585,6,44861
5.3,1.99,4.7,0.98,0.674,6.54,9.53,0.613,7,72945
5.52,1.38,4.41,1.16,0.645,5.78,9.03,0.604,8,71726
5.36,2.11,5.86,1.98,0.641,6.58,9.06,0.677,7,34486
3.03,1.71,7.73,1.32,0.673,7.95,9.58,0.69,8,74390
5.47,1.74,4.88,1.23,0.611,6.41,9.13,0.562,6,77569
5.55,1.23,4.26,0.67,0.608,5.99,8.78,0.588,6,61393
5.41,1.25,4.99,1.4,0.687,6.74,9.63,0.606,6,66296
6.14,1.65,5.8,0.96,0.691,6.46,8.92,0.686,5,67557
5.67,1.94,5.56,1.24,0.625,7.21,9.51,0.521,6,77699
3.36,1.59,7.76,0.59,0.633,7.52,9.35,0.665,8,62053
5.75,2.37,4.81,1.68,0.612,5.67,9.27,0.546,7,44283
3.06,2.19,9.24,2.37,0.657,6.74,7.94,0.606,7,28249
5.19,2.96,9.43,1.56,0.655,6.62,7.85,0.666,9,45190
6.17,1.83,5.3,0.8,0.619,6.41,9.62,0.678,5,67997
5.6,1.41,4.9,1.08,0.692,6.81,9.79,0.5,5,70998
3.79,1.8,6.59,1.62,0.667,6.68,9.5,0.542,8,77507
5.0,1.88,5.14,0.8,0.69,5.83,9.13,0.657,7,68436
4.18,1.88,7.45,1.54,0.675,7.46,8.47,0.674,8,75299
5.35,1.11,5.37,1.37,0.63,5.58,8.84,0.584,6,68450
4.43,1.31,7.9,1.58,0.653,7.26,7.96,0.554,8,67462
4.89,1.09,4.73,1.58,0.628,5.83,9.55,0.533,8,64454
6.39,1.4,4.29,0.89,0.653,5.4,8.75,0.566,7,66293
5.77,2.49,4.87,0.79,0.671,7.36,9.78,0.616,7,35037
3.21,1.66,9.27,1.52,0.688,7.53,8.25,0.605,7,75897
4.09,1.28,8.79,0.63,0.607,7.89,8.9,0.568,7,61921
4.37,1.59,8.07,1.35,0.694,7.51,8.4,0.687,8,71736
5.59,1.53,4.48,1.58,0.619,6.03,9.81,0.688,7,70564
5.41,1.75,4.3,1.45,0.698,6.25,8.8,0.514,7,73384
5.12,2.03,4.49,1.75,0.7,6.85,9.63,0.533,8,38246
5.15,1.51,5.31,0.52,0.623,6.22,9.1,0.515,7,60600
3.79,2.0,9.99,1.59,0.68,4.55,6.1,0.607,9,77078
5.19,1.69,4.72,1.41,0.616,5.57,9.2,0.654,7,72978
5.45,1.69,5.38,1.79,0.654,6.81,9.85,0.666,6,71635
6.15,1.65,5.2,0.82,0.7,5.68,9.24,0.504,6,65462
3.32,1.37,9.44,1.26,0.696,4.66,5.88,0.572,9,64186
5.98,1.51,4.77,1.46,0.637,6.27,9.5,0.529,6,70271
4.13,2.47,9.94,0.7,0.68,5.3,6.59,0.654,9,38312
3.68,1.19,6.36,1.37,0.658,7.19,9.11,0.628,8,65855
5.93,1.67,5.05,0.55,0.623,5.94,9.46,0.523,7,63234
3.91,1.86,9.65,1.53,0.688,4.54,5.35,0.59,9,70995
6.28,2.32,7.76,1.23,0.674,5.94,7.05,0.576,19,42030
0.5749080237694725,1.4655000144869414,5.8299848545285125,0.5993292420985183,1.3248149123539492,815599,1.8406585285177397,1.4063233020424546,0.6202230023486417,31,8.08233797718321,10,7.497327922401265,0.5274034664069657,1.1818249672071006,12,44121
